name,IfcClass,Block,Level,Bay,Unit,Role,Material,Collection,xmin,xmax,ymin,ymax,zmin,zmax
Balcony_RB_L1_b00,IfcSlab,RB,1,0,,Slab,Concrete,RB_L1_First,15.62,16.94,7.52,9.82,2.2,2.5
Balcony_RB_L1_b01,IfcSlab,RB,1,1,,Slab,Concrete,RB_L1_First,16.94,20.6,7.52,9.82,2.2,2.5
Balcony_RB_L1_b02,IfcSlab,RB,1,2,,Slab,Concrete,RB_L1_First,20.6,24.26,7.52,9.82,2.2,2.5
Balcony_RB_L1_b03,IfcSlab,RB,1,3,,Slab,Concrete,RB_L1_First,24.26,27.92,7.52,9.82,2.2,2.5
Balcony_RB_L1_b04,IfcSlab,RB,1,4,,Slab,Concrete,RB_L1_First,27.92,31.58,7.52,9.82,2.2,2.5
Balcony_RB_L1_b05,IfcSlab,RB,1,5,,Slab,Concrete,RB_L1_First,31.58,35.24,7.52,9.82,2.2,2.5
Balcony_RB_L1_b06,IfcSlab,RB,1,6,,Slab,Concrete,RB_L1_First,35.24,38.9,7.52,9.82,2.2,2.5
Balcony_RB_L1_b07,IfcSlab,RB,1,7,,Slab,Concrete,RB_L1_First,38.9,42.56,7.52,9.82,2.2,2.5
Balcony_RB_L1_b08,IfcSlab,RB,1,8,,Slab,Concrete,RB_L1_First,42.56,46.22,7.52,9.82,2.2,2.5
Balcony_RB_L1_b09,IfcSlab,RB,1,9,,Slab,Concrete,RB_L1_First,46.22,49.88,7.52,9.82,2.2,2.5
Balcony_RB_L1_b10,IfcSlab,RB,1,10,,Slab,Concrete,RB_L1_First,49.88,53.54,7.52,9.82,2.2,2.5
Balcony_RB_L1_b11,IfcSlab,RB,1,11,,Slab,Concrete,RB_L1_First,53.54,57.2,7.52,9.82,2.2,2.5
Balcony_RB_L1_b12,IfcSlab,RB,1,12,,Slab,Concrete,RB_L1_First,57.2,60.86,7.52,9.82,2.2,2.5
Balcony_RB_L1_b13,IfcSlab,RB,1,13,,Slab,Concrete,RB_L1_First,60.86,64.52,7.52,9.82,2.2,2.5
Balcony_RB_L1_b14,IfcSlab,RB,1,14,,Slab,Concrete,RB_L1_First,64.52,68.18,7.52,9.82,2.2,2.5
Balcony_RB_L1_b15,IfcSlab,RB,1,15,,Slab,Concrete,RB_L1_First,68.18,71.84,7.52,9.82,2.2,2.5
Balcony_RB_L1_b16,IfcSlab,RB,1,16,,Slab,Concrete,RB_L1_First,71.84,75.5,7.52,9.82,2.2,2.5
Balcony_RB_L1_b17,IfcSlab,RB,1,17,,Slab,Concrete,RB_L1_First,75.5,79.16,7.52,9.82,2.2,2.5
Balcony_RB_L1_b18,IfcSlab,RB,1,18,,Slab,Concrete,RB_L1_First,79.16,82.82,7.52,9.82,2.2,2.5
Balcony_RB_L1_b19,IfcSlab,RB,1,19,,Slab,Concrete,RB_L1_First,82.82,86.48,7.52,9.82,2.2,2.5
Balcony_RB_L1_b20,IfcSlab,RB,1,20,,Slab,Concrete,RB_L1_First,86.48,90.14,7.52,9.82,2.2,2.5
Balcony_RB_L1_b21,IfcSlab,RB,1,21,,Slab,Concrete,RB_L1_First,90.14,93.8,7.52,9.82,2.2,2.5
Balcony_RB_L2_West,IfcSlab,RB,2,0,EndW,Balcony,Concrete,RB_L2_Second,10.88,13.28,9.0,13.8,5.0,5.3
Balcony_RB_L3_West,IfcSlab,RB,3,0,EndW,Balcony,Concrete,RB_L3_Third,10.88,13.28,9.0,13.8,7.8,8.1
Balcony_RB_L4_West,IfcSlab,RB,4,0,EndW,Balcony,Concrete,RB_L4_Fourth,10.88,13.28,9.0,13.8,10.6,10.9
Balcony_RB_L5_West,IfcSlab,RB,5,0,EndW,Balcony,Concrete,RB_L5_Fifth,10.88,13.28,9.0,13.8,13.4,13.7
Column_CB_L0_1,IfcColumn,CB,0,-1,Hall,Column,Concrete_Structure,CB_L0_Ground,15.15,15.65,-9.19,-8.69,0.0,2.2
Column_CB_L0_2,IfcColumn,CB,0,-1,Hall,Column,Concrete_Structure,CB_L0_Ground,15.15,15.65,-12.48,-11.98,0.0,2.2
Column_CB_L1_1,IfcColumn,CB,1,-1,Hall,Column,Concrete_Structure,CB_L1_First,15.15,15.65,-9.19,-8.69,2.5,5.0
Column_CB_L1_2,IfcColumn,CB,1,-1,Hall,Column,Concrete_Structure,CB_L1_First,15.15,15.65,-12.48,-11.98,2.5,5.0
Column_CB_L2_1,IfcColumn,CB,2,-1,Hall,Column (full height of hall),Concrete_Structure,CB_L2_Hall,15.15,15.65,-9.19,-8.69,5.3,10.6
Column_CB_L2_2,IfcColumn,CB,2,-1,Hall,Column,Concrete_Structure,CB_L2_Hall,15.15,15.65,-12.48,-11.98,5.3,8.1
Column_CB_L3_2,IfcColumn,CB,3,-1,Gallery,Column,Concrete_Structure,CB_L3_Gallery,15.15,15.65,-12.48,-11.98,8.4,10.6
Column_RB_L0_C00,IfcColumn,RB,0,0,,Pilotis,Concrete_Structure,RB_L0_Pilotis,13.48,13.98,12.16,12.66,0.0,2.2
Column_RB_L0_C01,IfcColumn,RB,0,1,,Pilotis,Concrete_Structure,RB_L0_Pilotis,16.69,17.19,12.16,12.66,0.0,2.2
Column_RB_L0_C02,IfcColumn,RB,0,2,,Pilotis,Concrete_Structure,RB_L0_Pilotis,20.35,20.85,12.16,12.66,0.0,2.2
Column_RB_L0_C03,IfcColumn,RB,0,3,,Pilotis,Concrete_Structure,RB_L0_Pilotis,24.01,24.51,12.16,12.66,0.0,2.2
Column_RB_L0_C04,IfcColumn,RB,0,4,,Pilotis,Concrete_Structure,RB_L0_Pilotis,27.67,28.17,12.16,12.66,0.0,2.2
Column_RB_L0_C05,IfcColumn,RB,0,5,,Pilotis,Concrete_Structure,RB_L0_Pilotis,31.33,31.83,12.16,12.66,0.0,2.2
Column_RB_L0_C06,IfcColumn,RB,0,6,,Pilotis,Concrete_Structure,RB_L0_Pilotis,34.99,35.49,12.16,12.66,0.0,2.2
Column_RB_L0_C07,IfcColumn,RB,0,7,,Pilotis,Concrete_Structure,RB_L0_Pilotis,38.65,39.15,12.16,12.66,0.0,2.2
Column_RB_L0_C08,IfcColumn,RB,0,8,,Pilotis,Concrete_Structure,RB_L0_Pilotis,42.31,42.81,12.16,12.66,0.0,2.2
Column_RB_L0_C09,IfcColumn,RB,0,9,,Pilotis,Concrete_Structure,RB_L0_Pilotis,45.97,46.47,12.16,12.66,0.0,2.2
Column_RB_L0_C10,IfcColumn,RB,0,10,,Pilotis,Concrete_Structure,RB_L0_Pilotis,49.63,50.13,12.16,12.66,0.0,2.2
Column_RB_L0_C11,IfcColumn,RB,0,11,,Pilotis,Concrete_Structure,RB_L0_Pilotis,53.29,53.79,12.16,12.66,0.0,2.2
Column_RB_L0_C12,IfcColumn,RB,0,12,,Pilotis,Concrete_Structure,RB_L0_Pilotis,56.95,57.45,12.16,12.66,0.0,2.2
Column_RB_L0_C13,IfcColumn,RB,0,13,,Pilotis,Concrete_Structure,RB_L0_Pilotis,60.61,61.11,12.16,12.66,0.0,2.2
Column_RB_L0_C14,IfcColumn,RB,0,14,,Pilotis,Concrete_Structure,RB_L0_Pilotis,64.27,64.77,12.16,12.66,0.0,2.2
Column_RB_L0_C15,IfcColumn,RB,0,15,,Pilotis,Concrete_Structure,RB_L0_Pilotis,67.93,68.43,12.16,12.66,0.0,2.2
Column_RB_L0_C16,IfcColumn,RB,0,16,,Pilotis,Concrete_Structure,RB_L0_Pilotis,71.59,72.09,12.16,12.66,0.0,2.2
Column_RB_L0_C17,IfcColumn,RB,0,17,,Pilotis,Concrete_Structure,RB_L0_Pilotis,75.25,75.75,12.16,12.66,0.0,2.2
Column_RB_L0_C18,IfcColumn,RB,0,18,,Pilotis,Concrete_Structure,RB_L0_Pilotis,78.91,79.41,12.16,12.66,0.0,2.2
Column_RB_L0_C19,IfcColumn,RB,0,19,,Pilotis,Concrete_Structure,RB_L0_Pilotis,82.57,83.07,12.16,12.66,0.0,2.2
Column_RB_L0_C20,IfcColumn,RB,0,20,,Pilotis,Concrete_Structure,RB_L0_Pilotis,86.23,86.73,12.16,12.66,0.0,2.2
Column_RB_L0_C21,IfcColumn,RB,0,21,,Pilotis,Concrete_Structure,RB_L0_Pilotis,89.89,90.39,12.16,12.66,0.0,2.2
Column_RB_L0_C22,IfcColumn,RB,0,22,,Pilotis,Concrete_Structure,RB_L0_Pilotis,93.1,93.6,12.16,12.66,0.0,2.2
Column_RB_L0_N00,IfcColumn,RB,0,0,,Pilotis,Concrete_Structure,RB_L0_Pilotis,13.48,13.98,15.95,16.45,0.0,2.2
Column_RB_L0_N01,IfcColumn,RB,0,1,,Pilotis,Concrete_Structure,RB_L0_Pilotis,16.69,17.19,15.95,16.45,0.0,2.2
Column_RB_L0_N02,IfcColumn,RB,0,2,,Pilotis,Concrete_Structure,RB_L0_Pilotis,20.35,20.85,15.95,16.45,0.0,2.2
Column_RB_L0_N03,IfcColumn,RB,0,3,,Pilotis,Concrete_Structure,RB_L0_Pilotis,24.01,24.51,15.95,16.45,0.0,2.2
Column_RB_L0_N04,IfcColumn,RB,0,4,,Pilotis,Concrete_Structure,RB_L0_Pilotis,27.67,28.17,15.95,16.45,0.0,2.2
Column_RB_L0_N05,IfcColumn,RB,0,5,,Pilotis,Concrete_Structure,RB_L0_Pilotis,31.33,31.83,15.95,16.45,0.0,2.2
Column_RB_L0_N06,IfcColumn,RB,0,6,,Pilotis,Concrete_Structure,RB_L0_Pilotis,34.99,35.49,15.95,16.45,0.0,2.2
Column_RB_L0_N07,IfcColumn,RB,0,7,,Pilotis,Concrete_Structure,RB_L0_Pilotis,38.65,39.15,15.95,16.45,0.0,2.2
Column_RB_L0_N08,IfcColumn,RB,0,8,,Pilotis,Concrete_Structure,RB_L0_Pilotis,42.31,42.81,15.95,16.45,0.0,2.2
Column_RB_L0_N09,IfcColumn,RB,0,9,,Pilotis,Concrete_Structure,RB_L0_Pilotis,45.97,46.47,15.95,16.45,0.0,2.2
Column_RB_L0_N10,IfcColumn,RB,0,10,,Pilotis,Concrete_Structure,RB_L0_Pilotis,49.63,50.13,15.95,16.45,0.0,2.2
Column_RB_L0_N11,IfcColumn,RB,0,11,,Pilotis,Concrete_Structure,RB_L0_Pilotis,53.29,53.79,15.95,16.45,0.0,2.2
Column_RB_L0_N12,IfcColumn,RB,0,12,,Pilotis,Concrete_Structure,RB_L0_Pilotis,56.95,57.45,15.95,16.45,0.0,2.2
Column_RB_L0_N13,IfcColumn,RB,0,13,,Pilotis,Concrete_Structure,RB_L0_Pilotis,60.61,61.11,15.95,16.45,0.0,2.2
Column_RB_L0_N14,IfcColumn,RB,0,14,,Pilotis,Concrete_Structure,RB_L0_Pilotis,64.27,64.77,15.95,16.45,0.0,2.2
Column_RB_L0_N15,IfcColumn,RB,0,15,,Pilotis,Concrete_Structure,RB_L0_Pilotis,67.93,68.43,15.95,16.45,0.0,2.2
Column_RB_L0_N16,IfcColumn,RB,0,16,,Pilotis,Concrete_Structure,RB_L0_Pilotis,71.59,72.09,15.95,16.45,0.0,2.2
Column_RB_L0_N17,IfcColumn,RB,0,17,,Pilotis,Concrete_Structure,RB_L0_Pilotis,75.25,75.75,15.95,16.45,0.0,2.2
Column_RB_L0_N18,IfcColumn,RB,0,18,,Pilotis,Concrete_Structure,RB_L0_Pilotis,78.91,79.41,15.95,16.45,0.0,2.2
Column_RB_L0_N19,IfcColumn,RB,0,19,,Pilotis,Concrete_Structure,RB_L0_Pilotis,82.57,83.07,15.95,16.45,0.0,2.2
Column_RB_L0_N20,IfcColumn,RB,0,20,,Pilotis,Concrete_Structure,RB_L0_Pilotis,86.23,86.73,15.95,16.45,0.0,2.2
Column_RB_L0_N21,IfcColumn,RB,0,21,,Pilotis,Concrete_Structure,RB_L0_Pilotis,89.89,90.39,15.95,16.45,0.0,2.2
Column_RB_L0_N22,IfcColumn,RB,0,22,,Pilotis,Concrete_Structure,RB_L0_Pilotis,93.1,93.6,15.95,16.45,0.0,2.2
Column_RB_L0_S00,IfcColumn,RB,0,0,,Pilotis,Concrete_Structure,RB_L0_Pilotis,13.48,13.98,8.47,8.97,0.0,2.2
Column_RB_L0_S01,IfcColumn,RB,0,1,,Pilotis,Concrete_Structure,RB_L0_Pilotis,16.69,17.19,8.47,8.97,0.0,2.2
Column_RB_L0_S02,IfcColumn,RB,0,2,,Pilotis,Concrete_Structure,RB_L0_Pilotis,20.35,20.85,8.47,8.97,0.0,2.2
Column_RB_L0_S03,IfcColumn,RB,0,3,,Pilotis,Concrete_Structure,RB_L0_Pilotis,24.01,24.51,8.47,8.97,0.0,2.2
Column_RB_L0_S04,IfcColumn,RB,0,4,,Pilotis,Concrete_Structure,RB_L0_Pilotis,27.67,28.17,8.47,8.97,0.0,2.2
Column_RB_L0_S05,IfcColumn,RB,0,5,,Pilotis,Concrete_Structure,RB_L0_Pilotis,31.33,31.83,8.47,8.97,0.0,2.2
Column_RB_L0_S06,IfcColumn,RB,0,6,,Pilotis,Concrete_Structure,RB_L0_Pilotis,34.99,35.49,8.47,8.97,0.0,2.2
Column_RB_L0_S07,IfcColumn,RB,0,7,,Pilotis,Concrete_Structure,RB_L0_Pilotis,38.65,39.15,8.47,8.97,0.0,2.2
Column_RB_L0_S08,IfcColumn,RB,0,8,,Pilotis,Concrete_Structure,RB_L0_Pilotis,42.31,42.81,8.47,8.97,0.0,2.2
Column_RB_L0_S09,IfcColumn,RB,0,9,,Pilotis,Concrete_Structure,RB_L0_Pilotis,45.97,46.47,8.47,8.97,0.0,2.2
Column_RB_L0_S10,IfcColumn,RB,0,10,,Pilotis,Concrete_Structure,RB_L0_Pilotis,49.63,50.13,8.47,8.97,0.0,2.2
Column_RB_L0_S11,IfcColumn,RB,0,11,,Pilotis,Concrete_Structure,RB_L0_Pilotis,53.29,53.79,8.47,8.97,0.0,2.2
Column_RB_L0_S12,IfcColumn,RB,0,12,,Pilotis,Concrete_Structure,RB_L0_Pilotis,56.95,57.45,8.47,8.97,0.0,2.2
Column_RB_L0_S13,IfcColumn,RB,0,13,,Pilotis,Concrete_Structure,RB_L0_Pilotis,60.61,61.11,8.47,8.97,0.0,2.2
Column_RB_L0_S14,IfcColumn,RB,0,14,,Pilotis,Concrete_Structure,RB_L0_Pilotis,64.27,64.77,8.47,8.97,0.0,2.2
Column_RB_L0_S15,IfcColumn,RB,0,15,,Pilotis,Concrete_Structure,RB_L0_Pilotis,67.93,68.43,8.47,8.97,0.0,2.2
Column_RB_L0_S16,IfcColumn,RB,0,16,,Pilotis,Concrete_Structure,RB_L0_Pilotis,71.59,72.09,8.47,8.97,0.0,2.2
Column_RB_L0_S17,IfcColumn,RB,0,17,,Pilotis,Concrete_Structure,RB_L0_Pilotis,75.25,75.75,8.47,8.97,0.0,2.2
Column_RB_L0_S18,IfcColumn,RB,0,18,,Pilotis,Concrete_Structure,RB_L0_Pilotis,78.91,79.41,8.47,8.97,0.0,2.2
Column_RB_L0_S19,IfcColumn,RB,0,19,,Pilotis,Concrete_Structure,RB_L0_Pilotis,82.57,83.07,8.47,8.97,0.0,2.2
Column_RB_L0_S20,IfcColumn,RB,0,20,,Pilotis,Concrete_Structure,RB_L0_Pilotis,86.23,86.73,8.47,8.97,0.0,2.2
Column_RB_L0_S21,IfcColumn,RB,0,21,,Pilotis,Concrete_Structure,RB_L0_Pilotis,89.89,90.39,8.47,8.97,0.0,2.2
Column_RB_L0_S22,IfcColumn,RB,0,22,,Pilotis,Concrete_Structure,RB_L0_Pilotis,93.1,93.6,8.47,8.97,0.0,2.2
Column_RB_L1_C00,IfcColumn,RB,1,0,,Column,Concrete_Structure,RB_L1_First,13.58,13.88,12.21,12.61,2.5,5.0
Column_RB_L1_C01,IfcColumn,RB,1,1,,Column,Concrete_Structure,RB_L1_First,16.79,17.09,12.21,12.61,2.5,5.0
Column_RB_L1_C02,IfcColumn,RB,1,2,,Column,Concrete_Structure,RB_L1_First,20.45,20.75,12.21,12.61,2.5,5.0
Column_RB_L1_C03,IfcColumn,RB,1,3,,Column,Concrete_Structure,RB_L1_First,24.11,24.41,12.21,12.61,2.5,5.0
Column_RB_L1_C04,IfcColumn,RB,1,4,,Column,Concrete_Structure,RB_L1_First,27.77,28.07,12.21,12.61,2.5,5.0
Column_RB_L1_C05,IfcColumn,RB,1,5,,Column,Concrete_Structure,RB_L1_First,31.43,31.73,12.21,12.61,2.5,5.0
Column_RB_L1_C06,IfcColumn,RB,1,6,,Column,Concrete_Structure,RB_L1_First,35.09,35.39,12.21,12.61,2.5,5.0
Column_RB_L1_C07,IfcColumn,RB,1,7,,Column,Concrete_Structure,RB_L1_First,38.75,39.05,12.21,12.61,2.5,5.0
Column_RB_L1_C08,IfcColumn,RB,1,8,,Column,Concrete_Structure,RB_L1_First,42.41,42.71,12.21,12.61,2.5,5.0
Column_RB_L1_C09,IfcColumn,RB,1,9,,Column,Concrete_Structure,RB_L1_First,46.07,46.37,12.21,12.61,2.5,5.0
Column_RB_L1_C10,IfcColumn,RB,1,10,,Column,Concrete_Structure,RB_L1_First,49.73,50.03,12.21,12.61,2.5,5.0
Column_RB_L1_C11,IfcColumn,RB,1,11,,Column,Concrete_Structure,RB_L1_First,53.39,53.69,12.21,12.61,2.5,5.0
Column_RB_L1_C12,IfcColumn,RB,1,12,,Column,Concrete_Structure,RB_L1_First,57.05,57.35,12.21,12.61,2.5,5.0
Column_RB_L1_C13,IfcColumn,RB,1,13,,Column,Concrete_Structure,RB_L1_First,60.71,61.01,12.21,12.61,2.5,5.0
Column_RB_L1_C14,IfcColumn,RB,1,14,,Column,Concrete_Structure,RB_L1_First,64.37,64.67,12.21,12.61,2.5,5.0
Column_RB_L1_C15,IfcColumn,RB,1,15,,Column,Concrete_Structure,RB_L1_First,68.03,68.33,12.21,12.61,2.5,5.0
Column_RB_L1_C16,IfcColumn,RB,1,16,,Column,Concrete_Structure,RB_L1_First,71.69,71.99,12.21,12.61,2.5,5.0
Column_RB_L1_C17,IfcColumn,RB,1,17,,Column,Concrete_Structure,RB_L1_First,75.35,75.65,12.21,12.61,2.5,5.0
Column_RB_L1_C18,IfcColumn,RB,1,18,,Column,Concrete_Structure,RB_L1_First,79.01,79.31,12.21,12.61,2.5,5.0
Column_RB_L1_C19,IfcColumn,RB,1,19,,Column,Concrete_Structure,RB_L1_First,82.67,82.97,12.21,12.61,2.5,5.0
Column_RB_L1_C20,IfcColumn,RB,1,20,,Column,Concrete_Structure,RB_L1_First,86.33,86.63,12.21,12.61,2.5,5.0
Column_RB_L1_C21,IfcColumn,RB,1,21,,Column,Concrete_Structure,RB_L1_First,89.99,90.29,12.21,12.61,2.5,5.0
Column_RB_L1_C22,IfcColumn,RB,1,22,,Column,Concrete_Structure,RB_L1_First,93.2,93.5,12.21,12.61,2.5,5.0
Column_RB_L1_N00,IfcColumn,RB,1,0,,Column,Concrete_Structure,RB_L1_First,13.58,13.88,16.0,16.4,2.5,5.0
Column_RB_L1_N01,IfcColumn,RB,1,1,,Column,Concrete_Structure,RB_L1_First,16.79,17.09,16.0,16.4,2.5,5.0
Column_RB_L1_N02,IfcColumn,RB,1,2,,Column,Concrete_Structure,RB_L1_First,20.45,20.75,16.0,16.4,2.5,5.0
Column_RB_L1_N03,IfcColumn,RB,1,3,,Column,Concrete_Structure,RB_L1_First,24.11,24.41,16.0,16.4,2.5,5.0
Column_RB_L1_N04,IfcColumn,RB,1,4,,Column,Concrete_Structure,RB_L1_First,27.77,28.07,16.0,16.4,2.5,5.0
Column_RB_L1_N05,IfcColumn,RB,1,5,,Column,Concrete_Structure,RB_L1_First,31.43,31.73,16.0,16.4,2.5,5.0
Column_RB_L1_N06,IfcColumn,RB,1,6,,Column,Concrete_Structure,RB_L1_First,35.09,35.39,16.0,16.4,2.5,5.0
Column_RB_L1_N07,IfcColumn,RB,1,7,,Column,Concrete_Structure,RB_L1_First,38.75,39.05,16.0,16.4,2.5,5.0
Column_RB_L1_N08,IfcColumn,RB,1,8,,Column,Concrete_Structure,RB_L1_First,42.41,42.71,16.0,16.4,2.5,5.0
Column_RB_L1_N09,IfcColumn,RB,1,9,,Column,Concrete_Structure,RB_L1_First,46.07,46.37,16.0,16.4,2.5,5.0
Column_RB_L1_N10,IfcColumn,RB,1,10,,Column,Concrete_Structure,RB_L1_First,49.73,50.03,16.0,16.4,2.5,5.0
Column_RB_L1_N11,IfcColumn,RB,1,11,,Column,Concrete_Structure,RB_L1_First,53.39,53.69,16.0,16.4,2.5,5.0
Column_RB_L1_N12,IfcColumn,RB,1,12,,Column,Concrete_Structure,RB_L1_First,57.05,57.35,16.0,16.4,2.5,5.0
Column_RB_L1_N13,IfcColumn,RB,1,13,,Column,Concrete_Structure,RB_L1_First,60.71,61.01,16.0,16.4,2.5,5.0
Column_RB_L1_N14,IfcColumn,RB,1,14,,Column,Concrete_Structure,RB_L1_First,64.37,64.67,16.0,16.4,2.5,5.0
Column_RB_L1_N15,IfcColumn,RB,1,15,,Column,Concrete_Structure,RB_L1_First,68.03,68.33,16.0,16.4,2.5,5.0
Column_RB_L1_N16,IfcColumn,RB,1,16,,Column,Concrete_Structure,RB_L1_First,71.69,71.99,16.0,16.4,2.5,5.0
Column_RB_L1_N17,IfcColumn,RB,1,17,,Column,Concrete_Structure,RB_L1_First,75.35,75.65,16.0,16.4,2.5,5.0
Column_RB_L1_N18,IfcColumn,RB,1,18,,Column,Concrete_Structure,RB_L1_First,79.01,79.31,16.0,16.4,2.5,5.0
Column_RB_L1_N19,IfcColumn,RB,1,19,,Column,Concrete_Structure,RB_L1_First,82.67,82.97,16.0,16.4,2.5,5.0
Column_RB_L1_N20,IfcColumn,RB,1,20,,Column,Concrete_Structure,RB_L1_First,86.33,86.63,16.0,16.4,2.5,5.0
Column_RB_L1_N21,IfcColumn,RB,1,21,,Column,Concrete_Structure,RB_L1_First,89.99,90.29,16.0,16.4,2.5,5.0
Column_RB_L1_N22,IfcColumn,RB,1,22,,Column,Concrete_Structure,RB_L1_First,93.2,93.5,16.0,16.4,2.5,5.0
Column_RB_L1_S00,IfcColumn,RB,1,0,,Column,Concrete_Structure,RB_L1_First,13.58,13.88,8.52,8.92,2.5,5.0
Column_RB_L1_S01,IfcColumn,RB,1,1,,Column,Concrete_Structure,RB_L1_First,16.69,17.19,8.47,8.97,2.5,5.0
Column_RB_L1_S02,IfcColumn,RB,1,2,,Column,Concrete_Structure,RB_L1_First,20.35,20.85,8.47,8.97,2.5,5.0
Column_RB_L1_S03,IfcColumn,RB,1,3,,Column,Concrete_Structure,RB_L1_First,24.01,24.51,8.47,8.97,2.5,5.0
Column_RB_L1_S04,IfcColumn,RB,1,4,,Column,Concrete_Structure,RB_L1_First,27.67,28.17,8.47,8.97,2.5,5.0
Column_RB_L1_S05,IfcColumn,RB,1,5,,Column,Concrete_Structure,RB_L1_First,31.33,31.83,8.47,8.97,2.5,5.0
Column_RB_L1_S06,IfcColumn,RB,1,6,,Column,Concrete_Structure,RB_L1_First,34.99,35.49,8.47,8.97,2.5,5.0
Column_RB_L1_S07,IfcColumn,RB,1,7,,Column,Concrete_Structure,RB_L1_First,38.65,39.15,8.47,8.97,2.5,5.0
Column_RB_L1_S08,IfcColumn,RB,1,8,,Column,Concrete_Structure,RB_L1_First,42.31,42.81,8.47,8.97,2.5,5.0
Column_RB_L1_S09,IfcColumn,RB,1,9,,Column,Concrete_Structure,RB_L1_First,45.97,46.47,8.47,8.97,2.5,5.0
Column_RB_L1_S10,IfcColumn,RB,1,10,,Column,Concrete_Structure,RB_L1_First,49.63,50.13,8.47,8.97,2.5,5.0
Column_RB_L1_S11,IfcColumn,RB,1,11,,Column,Concrete_Structure,RB_L1_First,53.29,53.79,8.47,8.97,2.5,5.0
Column_RB_L1_S12,IfcColumn,RB,1,12,,Column,Concrete_Structure,RB_L1_First,56.95,57.45,8.47,8.97,2.5,5.0
Column_RB_L1_S13,IfcColumn,RB,1,13,,Column,Concrete_Structure,RB_L1_First,60.61,61.11,8.47,8.97,2.5,5.0
Column_RB_L1_S14,IfcColumn,RB,1,14,,Column,Concrete_Structure,RB_L1_First,64.27,64.77,8.47,8.97,2.5,5.0
Column_RB_L1_S15,IfcColumn,RB,1,15,,Column,Concrete_Structure,RB_L1_First,67.93,68.43,8.47,8.97,2.5,5.0
Column_RB_L1_S16,IfcColumn,RB,1,16,,Column,Concrete_Structure,RB_L1_First,71.59,72.09,8.47,8.97,2.5,5.0
Column_RB_L1_S17,IfcColumn,RB,1,17,,Column,Concrete_Structure,RB_L1_First,75.25,75.75,8.47,8.97,2.5,5.0
Column_RB_L1_S18,IfcColumn,RB,1,18,,Column,Concrete_Structure,RB_L1_First,78.91,79.41,8.47,8.97,2.5,5.0
Column_RB_L1_S19,IfcColumn,RB,1,19,,Column,Concrete_Structure,RB_L1_First,82.57,83.07,8.47,8.97,2.5,5.0
Column_RB_L1_S20,IfcColumn,RB,1,20,,Column,Concrete_Structure,RB_L1_First,86.23,86.73,8.47,8.97,2.5,5.0
Column_RB_L1_S21,IfcColumn,RB,1,21,,Column,Concrete_Structure,RB_L1_First,89.89,90.39,8.47,8.97,2.5,5.0
Column_RB_L1_S22,IfcColumn,RB,1,22,,Column,Concrete_Structure,RB_L1_First,93.2,93.5,8.52,8.92,2.5,5.0
Column_RB_L2_C00,IfcColumn,RB,2,0,,Column,Concrete_Structure,RB_L2_Second,13.58,13.88,12.21,12.61,5.3,7.8
Column_RB_L2_C01,IfcColumn,RB,2,1,,Column,Concrete_Structure,RB_L2_Second,16.79,17.09,12.21,12.61,5.3,7.8
Column_RB_L2_C02,IfcColumn,RB,2,2,,Column,Concrete_Structure,RB_L2_Second,20.45,20.75,12.21,12.61,5.3,7.8
Column_RB_L2_C03,IfcColumn,RB,2,3,,Column,Concrete_Structure,RB_L2_Second,24.11,24.41,12.21,12.61,5.3,7.8
Column_RB_L2_C04,IfcColumn,RB,2,4,,Column,Concrete_Structure,RB_L2_Second,27.77,28.07,12.21,12.61,5.3,7.8
Column_RB_L2_C05,IfcColumn,RB,2,5,,Column,Concrete_Structure,RB_L2_Second,31.43,31.73,12.21,12.61,5.3,7.8
Column_RB_L2_C06,IfcColumn,RB,2,6,,Column,Concrete_Structure,RB_L2_Second,35.09,35.39,12.21,12.61,5.3,7.8
Column_RB_L2_C07,IfcColumn,RB,2,7,,Column,Concrete_Structure,RB_L2_Second,38.75,39.05,12.21,12.61,5.3,7.8
Column_RB_L2_C08,IfcColumn,RB,2,8,,Column,Concrete_Structure,RB_L2_Second,42.41,42.71,12.21,12.61,5.3,7.8
Column_RB_L2_C09,IfcColumn,RB,2,9,,Column,Concrete_Structure,RB_L2_Second,46.07,46.37,12.21,12.61,5.3,7.8
Column_RB_L2_C10,IfcColumn,RB,2,10,,Column,Concrete_Structure,RB_L2_Second,49.73,50.03,12.21,12.61,5.3,7.8
Column_RB_L2_C11,IfcColumn,RB,2,11,,Column,Concrete_Structure,RB_L2_Second,53.39,53.69,12.21,12.61,5.3,7.8
Column_RB_L2_C12,IfcColumn,RB,2,12,,Column,Concrete_Structure,RB_L2_Second,57.05,57.35,12.21,12.61,5.3,7.8
Column_RB_L2_C13,IfcColumn,RB,2,13,,Column,Concrete_Structure,RB_L2_Second,60.71,61.01,12.21,12.61,5.3,7.8
Column_RB_L2_C14,IfcColumn,RB,2,14,,Column,Concrete_Structure,RB_L2_Second,64.37,64.67,12.21,12.61,5.3,7.8
Column_RB_L2_C15,IfcColumn,RB,2,15,,Column,Concrete_Structure,RB_L2_Second,68.03,68.33,12.21,12.61,5.3,7.8
Column_RB_L2_C16,IfcColumn,RB,2,16,,Column,Concrete_Structure,RB_L2_Second,71.69,71.99,12.21,12.61,5.3,7.8
Column_RB_L2_C17,IfcColumn,RB,2,17,,Column,Concrete_Structure,RB_L2_Second,75.35,75.65,12.21,12.61,5.3,7.8
Column_RB_L2_C18,IfcColumn,RB,2,18,,Column,Concrete_Structure,RB_L2_Second,79.01,79.31,12.21,12.61,5.3,7.8
Column_RB_L2_C19,IfcColumn,RB,2,19,,Column,Concrete_Structure,RB_L2_Second,82.67,82.97,12.21,12.61,5.3,7.8
Column_RB_L2_C20,IfcColumn,RB,2,20,,Column,Concrete_Structure,RB_L2_Second,86.33,86.63,12.21,12.61,5.3,7.8
Column_RB_L2_C21,IfcColumn,RB,2,21,,Column,Concrete_Structure,RB_L2_Second,89.99,90.29,12.21,12.61,5.3,7.8
Column_RB_L2_C22,IfcColumn,RB,2,22,,Column,Concrete_Structure,RB_L2_Second,93.2,93.5,12.21,12.61,5.3,7.8
Column_RB_L2_N00,IfcColumn,RB,2,0,,Column,Concrete_Structure,RB_L2_Second,13.58,13.88,16.0,16.4,5.3,7.8
Column_RB_L2_N01,IfcColumn,RB,2,1,,Column,Concrete_Structure,RB_L2_Second,16.79,17.09,16.0,16.4,5.3,7.8
Column_RB_L2_N02,IfcColumn,RB,2,2,,Column,Concrete_Structure,RB_L2_Second,20.45,20.75,16.0,16.4,5.3,7.8
Column_RB_L2_N03,IfcColumn,RB,2,3,,Column,Concrete_Structure,RB_L2_Second,24.11,24.41,16.0,16.4,5.3,7.8
Column_RB_L2_N04,IfcColumn,RB,2,4,,Column,Concrete_Structure,RB_L2_Second,27.77,28.07,16.0,16.4,5.3,7.8
Column_RB_L2_N05,IfcColumn,RB,2,5,,Column,Concrete_Structure,RB_L2_Second,31.43,31.73,16.0,16.4,5.3,7.8
Column_RB_L2_N06,IfcColumn,RB,2,6,,Column,Concrete_Structure,RB_L2_Second,35.09,35.39,16.0,16.4,5.3,7.8
Column_RB_L2_N07,IfcColumn,RB,2,7,,Column,Concrete_Structure,RB_L2_Second,38.75,39.05,16.0,16.4,5.3,7.8
Column_RB_L2_N08,IfcColumn,RB,2,8,,Column,Concrete_Structure,RB_L2_Second,42.41,42.71,16.0,16.4,5.3,7.8
Column_RB_L2_N09,IfcColumn,RB,2,9,,Column,Concrete_Structure,RB_L2_Second,46.07,46.37,16.0,16.4,5.3,7.8
Column_RB_L2_N10,IfcColumn,RB,2,10,,Column,Concrete_Structure,RB_L2_Second,49.73,50.03,16.0,16.4,5.3,7.8
Column_RB_L2_N11,IfcColumn,RB,2,11,,Column,Concrete_Structure,RB_L2_Second,53.39,53.69,16.0,16.4,5.3,7.8
Column_RB_L2_N12,IfcColumn,RB,2,12,,Column,Concrete_Structure,RB_L2_Second,57.05,57.35,16.0,16.4,5.3,7.8
Column_RB_L2_N13,IfcColumn,RB,2,13,,Column,Concrete_Structure,RB_L2_Second,60.71,61.01,16.0,16.4,5.3,7.8
Column_RB_L2_N14,IfcColumn,RB,2,14,,Column,Concrete_Structure,RB_L2_Second,64.37,64.67,16.0,16.4,5.3,7.8
Column_RB_L2_N15,IfcColumn,RB,2,15,,Column,Concrete_Structure,RB_L2_Second,68.03,68.33,16.0,16.4,5.3,7.8
Column_RB_L2_N16,IfcColumn,RB,2,16,,Column,Concrete_Structure,RB_L2_Second,71.69,71.99,16.0,16.4,5.3,7.8
Column_RB_L2_N17,IfcColumn,RB,2,17,,Column,Concrete_Structure,RB_L2_Second,75.35,75.65,16.0,16.4,5.3,7.8
Column_RB_L2_N18,IfcColumn,RB,2,18,,Column,Concrete_Structure,RB_L2_Second,79.01,79.31,16.0,16.4,5.3,7.8
Column_RB_L2_N19,IfcColumn,RB,2,19,,Column,Concrete_Structure,RB_L2_Second,82.67,82.97,16.0,16.4,5.3,7.8
Column_RB_L2_N20,IfcColumn,RB,2,20,,Column,Concrete_Structure,RB_L2_Second,86.33,86.63,16.0,16.4,5.3,7.8
Column_RB_L2_N21,IfcColumn,RB,2,21,,Column,Concrete_Structure,RB_L2_Second,89.99,90.29,16.0,16.4,5.3,7.8
Column_RB_L2_N22,IfcColumn,RB,2,22,,Column,Concrete_Structure,RB_L2_Second,93.2,93.5,16.0,16.4,5.3,7.8
Column_RB_L2_S00,IfcColumn,RB,2,0,,Column,Concrete_Structure,RB_L2_Second,13.58,13.88,8.52,8.92,5.3,7.8
Column_RB_L2_S01,IfcColumn,RB,2,1,,Column,Concrete_Structure,RB_L2_Second,16.79,17.09,8.52,8.92,5.3,7.8
Column_RB_L2_S02,IfcColumn,RB,2,2,,Column,Concrete_Structure,RB_L2_Second,20.45,20.75,8.52,8.92,5.3,7.8
Column_RB_L2_S03,IfcColumn,RB,2,3,,Column,Concrete_Structure,RB_L2_Second,24.11,24.41,8.52,8.92,5.3,7.8
Column_RB_L2_S04,IfcColumn,RB,2,4,,Column,Concrete_Structure,RB_L2_Second,27.77,28.07,8.52,8.92,5.3,7.8
Column_RB_L2_S05,IfcColumn,RB,2,5,,Column,Concrete_Structure,RB_L2_Second,31.43,31.73,8.52,8.92,5.3,7.8
Column_RB_L2_S06,IfcColumn,RB,2,6,,Column,Concrete_Structure,RB_L2_Second,35.09,35.39,8.52,8.92,5.3,7.8
Column_RB_L2_S07,IfcColumn,RB,2,7,,Column,Concrete_Structure,RB_L2_Second,38.75,39.05,8.52,8.92,5.3,7.8
Column_RB_L2_S08,IfcColumn,RB,2,8,,Column,Concrete_Structure,RB_L2_Second,42.41,42.71,8.52,8.92,5.3,7.8
Column_RB_L2_S09,IfcColumn,RB,2,9,,Column,Concrete_Structure,RB_L2_Second,46.07,46.37,8.52,8.92,5.3,7.8
Column_RB_L2_S10,IfcColumn,RB,2,10,,Column,Concrete_Structure,RB_L2_Second,49.73,50.03,8.52,8.92,5.3,7.8
Column_RB_L2_S11,IfcColumn,RB,2,11,,Column,Concrete_Structure,RB_L2_Second,53.39,53.69,8.52,8.92,5.3,7.8
Column_RB_L2_S12,IfcColumn,RB,2,12,,Column,Concrete_Structure,RB_L2_Second,57.05,57.35,8.52,8.92,5.3,7.8
Column_RB_L2_S13,IfcColumn,RB,2,13,,Column,Concrete_Structure,RB_L2_Second,60.71,61.01,8.52,8.92,5.3,7.8
Column_RB_L2_S14,IfcColumn,RB,2,14,,Column,Concrete_Structure,RB_L2_Second,64.37,64.67,8.52,8.92,5.3,7.8
Column_RB_L2_S15,IfcColumn,RB,2,15,,Column,Concrete_Structure,RB_L2_Second,68.03,68.33,8.52,8.92,5.3,7.8
Column_RB_L2_S16,IfcColumn,RB,2,16,,Column,Concrete_Structure,RB_L2_Second,71.69,71.99,8.52,8.92,5.3,7.8
Column_RB_L2_S17,IfcColumn,RB,2,17,,Column,Concrete_Structure,RB_L2_Second,75.35,75.65,8.52,8.92,5.3,7.8
Column_RB_L2_S18,IfcColumn,RB,2,18,,Column,Concrete_Structure,RB_L2_Second,79.01,79.31,8.52,8.92,5.3,7.8
Column_RB_L2_S19,IfcColumn,RB,2,19,,Column,Concrete_Structure,RB_L2_Second,82.67,82.97,8.52,8.92,5.3,7.8
Column_RB_L2_S20,IfcColumn,RB,2,20,,Column,Concrete_Structure,RB_L2_Second,86.33,86.63,8.52,8.92,5.3,7.8
Column_RB_L2_S21,IfcColumn,RB,2,21,,Column,Concrete_Structure,RB_L2_Second,89.99,90.29,8.52,8.92,5.3,7.8
Column_RB_L2_S22,IfcColumn,RB,2,22,,Column,Concrete_Structure,RB_L2_Second,93.2,93.5,8.52,8.92,5.3,7.8
Column_RB_L3_C00,IfcColumn,RB,3,0,,Column,Concrete_Structure,RB_L3_Third,13.58,13.88,12.21,12.61,8.1,10.6
Column_RB_L3_C01,IfcColumn,RB,3,1,,Column,Concrete_Structure,RB_L3_Third,16.79,17.09,12.21,12.61,8.1,10.6
Column_RB_L3_C02,IfcColumn,RB,3,2,,Column,Concrete_Structure,RB_L3_Third,20.45,20.75,12.21,12.61,8.1,10.6
Column_RB_L3_C03,IfcColumn,RB,3,3,,Column,Concrete_Structure,RB_L3_Third,24.11,24.41,12.21,12.61,8.1,10.6
Column_RB_L3_C04,IfcColumn,RB,3,4,,Column,Concrete_Structure,RB_L3_Third,27.77,28.07,12.21,12.61,8.1,10.6
Column_RB_L3_C05,IfcColumn,RB,3,5,,Column,Concrete_Structure,RB_L3_Third,31.43,31.73,12.21,12.61,8.1,10.6
Column_RB_L3_C06,IfcColumn,RB,3,6,,Column,Concrete_Structure,RB_L3_Third,35.09,35.39,12.21,12.61,8.1,10.6
Column_RB_L3_C07,IfcColumn,RB,3,7,,Column,Concrete_Structure,RB_L3_Third,38.75,39.05,12.21,12.61,8.1,10.6
Column_RB_L3_C08,IfcColumn,RB,3,8,,Column,Concrete_Structure,RB_L3_Third,42.41,42.71,12.21,12.61,8.1,10.6
Column_RB_L3_C09,IfcColumn,RB,3,9,,Column,Concrete_Structure,RB_L3_Third,46.07,46.37,12.21,12.61,8.1,10.6
Column_RB_L3_C10,IfcColumn,RB,3,10,,Column,Concrete_Structure,RB_L3_Third,49.73,50.03,12.21,12.61,8.1,10.6
Column_RB_L3_C11,IfcColumn,RB,3,11,,Column,Concrete_Structure,RB_L3_Third,53.39,53.69,12.21,12.61,8.1,10.6
Column_RB_L3_C12,IfcColumn,RB,3,12,,Column,Concrete_Structure,RB_L3_Third,57.05,57.35,12.21,12.61,8.1,10.6
Column_RB_L3_C13,IfcColumn,RB,3,13,,Column,Concrete_Structure,RB_L3_Third,60.71,61.01,12.21,12.61,8.1,10.6
Column_RB_L3_C14,IfcColumn,RB,3,14,,Column,Concrete_Structure,RB_L3_Third,64.37,64.67,12.21,12.61,8.1,10.6
Column_RB_L3_C15,IfcColumn,RB,3,15,,Column,Concrete_Structure,RB_L3_Third,68.03,68.33,12.21,12.61,8.1,10.6
Column_RB_L3_C16,IfcColumn,RB,3,16,,Column,Concrete_Structure,RB_L3_Third,71.69,71.99,12.21,12.61,8.1,10.6
Column_RB_L3_C17,IfcColumn,RB,3,17,,Column,Concrete_Structure,RB_L3_Third,75.35,75.65,12.21,12.61,8.1,10.6
Column_RB_L3_C18,IfcColumn,RB,3,18,,Column,Concrete_Structure,RB_L3_Third,79.01,79.31,12.21,12.61,8.1,10.6
Column_RB_L3_C19,IfcColumn,RB,3,19,,Column,Concrete_Structure,RB_L3_Third,82.67,82.97,12.21,12.61,8.1,10.6
Column_RB_L3_C20,IfcColumn,RB,3,20,,Column,Concrete_Structure,RB_L3_Third,86.33,86.63,12.21,12.61,8.1,10.6
Column_RB_L3_C21,IfcColumn,RB,3,21,,Column,Concrete_Structure,RB_L3_Third,89.99,90.29,12.21,12.61,8.1,10.6
Column_RB_L3_C22,IfcColumn,RB,3,22,,Column,Concrete_Structure,RB_L3_Third,93.2,93.5,12.21,12.61,8.1,10.6
Column_RB_L3_N00,IfcColumn,RB,3,0,,Column,Concrete_Structure,RB_L3_Third,13.58,13.88,16.0,16.4,8.1,10.6
Column_RB_L3_N01,IfcColumn,RB,3,1,,Column,Concrete_Structure,RB_L3_Third,16.79,17.09,16.0,16.4,8.1,10.6
Column_RB_L3_N02,IfcColumn,RB,3,2,,Column,Concrete_Structure,RB_L3_Third,20.45,20.75,16.0,16.4,8.1,10.6
Column_RB_L3_N03,IfcColumn,RB,3,3,,Column,Concrete_Structure,RB_L3_Third,24.11,24.41,16.0,16.4,8.1,10.6
Column_RB_L3_N04,IfcColumn,RB,3,4,,Column,Concrete_Structure,RB_L3_Third,27.77,28.07,16.0,16.4,8.1,10.6
Column_RB_L3_N05,IfcColumn,RB,3,5,,Column,Concrete_Structure,RB_L3_Third,31.43,31.73,16.0,16.4,8.1,10.6
Column_RB_L3_N06,IfcColumn,RB,3,6,,Column,Concrete_Structure,RB_L3_Third,35.09,35.39,16.0,16.4,8.1,10.6
Column_RB_L3_N07,IfcColumn,RB,3,7,,Column,Concrete_Structure,RB_L3_Third,38.75,39.05,16.0,16.4,8.1,10.6
Column_RB_L3_N08,IfcColumn,RB,3,8,,Column,Concrete_Structure,RB_L3_Third,42.41,42.71,16.0,16.4,8.1,10.6
Column_RB_L3_N09,IfcColumn,RB,3,9,,Column,Concrete_Structure,RB_L3_Third,46.07,46.37,16.0,16.4,8.1,10.6
Column_RB_L3_N10,IfcColumn,RB,3,10,,Column,Concrete_Structure,RB_L3_Third,49.73,50.03,16.0,16.4,8.1,10.6
Column_RB_L3_N11,IfcColumn,RB,3,11,,Column,Concrete_Structure,RB_L3_Third,53.39,53.69,16.0,16.4,8.1,10.6
Column_RB_L3_N12,IfcColumn,RB,3,12,,Column,Concrete_Structure,RB_L3_Third,57.05,57.35,16.0,16.4,8.1,10.6
Column_RB_L3_N13,IfcColumn,RB,3,13,,Column,Concrete_Structure,RB_L3_Third,60.71,61.01,16.0,16.4,8.1,10.6
Column_RB_L3_N14,IfcColumn,RB,3,14,,Column,Concrete_Structure,RB_L3_Third,64.37,64.67,16.0,16.4,8.1,10.6
Column_RB_L3_N15,IfcColumn,RB,3,15,,Column,Concrete_Structure,RB_L3_Third,68.03,68.33,16.0,16.4,8.1,10.6
Column_RB_L3_N16,IfcColumn,RB,3,16,,Column,Concrete_Structure,RB_L3_Third,71.69,71.99,16.0,16.4,8.1,10.6
Column_RB_L3_N17,IfcColumn,RB,3,17,,Column,Concrete_Structure,RB_L3_Third,75.35,75.65,16.0,16.4,8.1,10.6
Column_RB_L3_N18,IfcColumn,RB,3,18,,Column,Concrete_Structure,RB_L3_Third,79.01,79.31,16.0,16.4,8.1,10.6
Column_RB_L3_N19,IfcColumn,RB,3,19,,Column,Concrete_Structure,RB_L3_Third,82.67,82.97,16.0,16.4,8.1,10.6
Column_RB_L3_N20,IfcColumn,RB,3,20,,Column,Concrete_Structure,RB_L3_Third,86.33,86.63,16.0,16.4,8.1,10.6
Column_RB_L3_N21,IfcColumn,RB,3,21,,Column,Concrete_Structure,RB_L3_Third,89.99,90.29,16.0,16.4,8.1,10.6
Column_RB_L3_N22,IfcColumn,RB,3,22,,Column,Concrete_Structure,RB_L3_Third,93.2,93.5,16.0,16.4,8.1,10.6
Column_RB_L3_S00,IfcColumn,RB,3,0,,Column,Concrete_Structure,RB_L3_Third,13.58,13.88,8.52,8.92,8.1,10.6
Column_RB_L3_S01,IfcColumn,RB,3,1,,Column,Concrete_Structure,RB_L3_Third,16.79,17.09,8.52,8.92,8.1,10.6
Column_RB_L3_S02,IfcColumn,RB,3,2,,Column,Concrete_Structure,RB_L3_Third,20.45,20.75,8.52,8.92,8.1,10.6
Column_RB_L3_S03,IfcColumn,RB,3,3,,Column,Concrete_Structure,RB_L3_Third,24.11,24.41,8.52,8.92,8.1,10.6
Column_RB_L3_S04,IfcColumn,RB,3,4,,Column,Concrete_Structure,RB_L3_Third,27.77,28.07,8.52,8.92,8.1,10.6
Column_RB_L3_S05,IfcColumn,RB,3,5,,Column,Concrete_Structure,RB_L3_Third,31.43,31.73,8.52,8.92,8.1,10.6
Column_RB_L3_S06,IfcColumn,RB,3,6,,Column,Concrete_Structure,RB_L3_Third,35.09,35.39,8.52,8.92,8.1,10.6
Column_RB_L3_S07,IfcColumn,RB,3,7,,Column,Concrete_Structure,RB_L3_Third,38.75,39.05,8.52,8.92,8.1,10.6
Column_RB_L3_S08,IfcColumn,RB,3,8,,Column,Concrete_Structure,RB_L3_Third,42.41,42.71,8.52,8.92,8.1,10.6
Column_RB_L3_S09,IfcColumn,RB,3,9,,Column,Concrete_Structure,RB_L3_Third,46.07,46.37,8.52,8.92,8.1,10.6
Column_RB_L3_S10,IfcColumn,RB,3,10,,Column,Concrete_Structure,RB_L3_Third,49.73,50.03,8.52,8.92,8.1,10.6
Column_RB_L3_S11,IfcColumn,RB,3,11,,Column,Concrete_Structure,RB_L3_Third,53.39,53.69,8.52,8.92,8.1,10.6
Column_RB_L3_S12,IfcColumn,RB,3,12,,Column,Concrete_Structure,RB_L3_Third,57.05,57.35,8.52,8.92,8.1,10.6
Column_RB_L3_S13,IfcColumn,RB,3,13,,Column,Concrete_Structure,RB_L3_Third,60.71,61.01,8.52,8.92,8.1,10.6
Column_RB_L3_S14,IfcColumn,RB,3,14,,Column,Concrete_Structure,RB_L3_Third,64.37,64.67,8.52,8.92,8.1,10.6
Column_RB_L3_S15,IfcColumn,RB,3,15,,Column,Concrete_Structure,RB_L3_Third,68.03,68.33,8.52,8.92,8.1,10.6
Column_RB_L3_S16,IfcColumn,RB,3,16,,Column,Concrete_Structure,RB_L3_Third,71.69,71.99,8.52,8.92,8.1,10.6
Column_RB_L3_S17,IfcColumn,RB,3,17,,Column,Concrete_Structure,RB_L3_Third,75.35,75.65,8.52,8.92,8.1,10.6
Column_RB_L3_S18,IfcColumn,RB,3,18,,Column,Concrete_Structure,RB_L3_Third,79.01,79.31,8.52,8.92,8.1,10.6
Column_RB_L3_S19,IfcColumn,RB,3,19,,Column,Concrete_Structure,RB_L3_Third,82.67,82.97,8.52,8.92,8.1,10.6
Column_RB_L3_S20,IfcColumn,RB,3,20,,Column,Concrete_Structure,RB_L3_Third,86.33,86.63,8.52,8.92,8.1,10.6
Column_RB_L3_S21,IfcColumn,RB,3,21,,Column,Concrete_Structure,RB_L3_Third,89.99,90.29,8.52,8.92,8.1,10.6
Column_RB_L3_S22,IfcColumn,RB,3,22,,Column,Concrete_Structure,RB_L3_Third,93.2,93.5,8.52,8.92,8.1,10.6
Column_RB_L4_C00,IfcColumn,RB,4,0,,Column,Concrete_Structure,RB_L4_Fourth,13.58,13.88,12.21,12.61,10.9,13.4
Column_RB_L4_C01,IfcColumn,RB,4,1,,Column,Concrete_Structure,RB_L4_Fourth,16.79,17.09,12.21,12.61,10.9,13.4
Column_RB_L4_C02,IfcColumn,RB,4,2,,Column,Concrete_Structure,RB_L4_Fourth,20.45,20.75,12.21,12.61,10.9,13.4
Column_RB_L4_C03,IfcColumn,RB,4,3,,Column,Concrete_Structure,RB_L4_Fourth,24.11,24.41,12.21,12.61,10.9,13.4
Column_RB_L4_C04,IfcColumn,RB,4,4,,Column,Concrete_Structure,RB_L4_Fourth,27.77,28.07,12.21,12.61,10.9,13.4
Column_RB_L4_C05,IfcColumn,RB,4,5,,Column,Concrete_Structure,RB_L4_Fourth,31.43,31.73,12.21,12.61,10.9,13.4
Column_RB_L4_C06,IfcColumn,RB,4,6,,Column,Concrete_Structure,RB_L4_Fourth,35.09,35.39,12.21,12.61,10.9,13.4
Column_RB_L4_C07,IfcColumn,RB,4,7,,Column,Concrete_Structure,RB_L4_Fourth,38.75,39.05,12.21,12.61,10.9,13.4
Column_RB_L4_C08,IfcColumn,RB,4,8,,Column,Concrete_Structure,RB_L4_Fourth,42.41,42.71,12.21,12.61,10.9,13.4
Column_RB_L4_C09,IfcColumn,RB,4,9,,Column,Concrete_Structure,RB_L4_Fourth,46.07,46.37,12.21,12.61,10.9,13.4
Column_RB_L4_C10,IfcColumn,RB,4,10,,Column,Concrete_Structure,RB_L4_Fourth,49.73,50.03,12.21,12.61,10.9,13.4
Column_RB_L4_C11,IfcColumn,RB,4,11,,Column,Concrete_Structure,RB_L4_Fourth,53.39,53.69,12.21,12.61,10.9,13.4
Column_RB_L4_C12,IfcColumn,RB,4,12,,Column,Concrete_Structure,RB_L4_Fourth,57.05,57.35,12.21,12.61,10.9,13.4
Column_RB_L4_C13,IfcColumn,RB,4,13,,Column,Concrete_Structure,RB_L4_Fourth,60.71,61.01,12.21,12.61,10.9,13.4
Column_RB_L4_C14,IfcColumn,RB,4,14,,Column,Concrete_Structure,RB_L4_Fourth,64.37,64.67,12.21,12.61,10.9,13.4
Column_RB_L4_C15,IfcColumn,RB,4,15,,Column,Concrete_Structure,RB_L4_Fourth,68.03,68.33,12.21,12.61,10.9,13.4
Column_RB_L4_C16,IfcColumn,RB,4,16,,Column,Concrete_Structure,RB_L4_Fourth,71.69,71.99,12.21,12.61,10.9,13.4
Column_RB_L4_C17,IfcColumn,RB,4,17,,Column,Concrete_Structure,RB_L4_Fourth,75.35,75.65,12.21,12.61,10.9,13.4
Column_RB_L4_C18,IfcColumn,RB,4,18,,Column,Concrete_Structure,RB_L4_Fourth,79.01,79.31,12.21,12.61,10.9,13.4
Column_RB_L4_C19,IfcColumn,RB,4,19,,Column,Concrete_Structure,RB_L4_Fourth,82.67,82.97,12.21,12.61,10.9,13.4
Column_RB_L4_C20,IfcColumn,RB,4,20,,Column,Concrete_Structure,RB_L4_Fourth,86.33,86.63,12.21,12.61,10.9,13.4
Column_RB_L4_C21,IfcColumn,RB,4,21,,Column,Concrete_Structure,RB_L4_Fourth,89.99,90.29,12.21,12.61,10.9,13.4
Column_RB_L4_C22,IfcColumn,RB,4,22,,Column,Concrete_Structure,RB_L4_Fourth,93.2,93.5,12.21,12.61,10.9,13.4
Column_RB_L4_N00,IfcColumn,RB,4,0,,Column,Concrete_Structure,RB_L4_Fourth,13.58,13.88,16.0,16.4,10.9,13.4
Column_RB_L4_N01,IfcColumn,RB,4,1,,Column,Concrete_Structure,RB_L4_Fourth,16.79,17.09,16.0,16.4,10.9,13.4
Column_RB_L4_N02,IfcColumn,RB,4,2,,Column,Concrete_Structure,RB_L4_Fourth,20.45,20.75,16.0,16.4,10.9,13.4
Column_RB_L4_N03,IfcColumn,RB,4,3,,Column,Concrete_Structure,RB_L4_Fourth,24.11,24.41,16.0,16.4,10.9,13.4
Column_RB_L4_N04,IfcColumn,RB,4,4,,Column,Concrete_Structure,RB_L4_Fourth,27.77,28.07,16.0,16.4,10.9,13.4
Column_RB_L4_N05,IfcColumn,RB,4,5,,Column,Concrete_Structure,RB_L4_Fourth,31.43,31.73,16.0,16.4,10.9,13.4
Column_RB_L4_N06,IfcColumn,RB,4,6,,Column,Concrete_Structure,RB_L4_Fourth,35.09,35.39,16.0,16.4,10.9,13.4
Column_RB_L4_N07,IfcColumn,RB,4,7,,Column,Concrete_Structure,RB_L4_Fourth,38.75,39.05,16.0,16.4,10.9,13.4
Column_RB_L4_N08,IfcColumn,RB,4,8,,Column,Concrete_Structure,RB_L4_Fourth,42.41,42.71,16.0,16.4,10.9,13.4
Column_RB_L4_N09,IfcColumn,RB,4,9,,Column,Concrete_Structure,RB_L4_Fourth,46.07,46.37,16.0,16.4,10.9,13.4
Column_RB_L4_N10,IfcColumn,RB,4,10,,Column,Concrete_Structure,RB_L4_Fourth,49.73,50.03,16.0,16.4,10.9,13.4
Column_RB_L4_N11,IfcColumn,RB,4,11,,Column,Concrete_Structure,RB_L4_Fourth,53.39,53.69,16.0,16.4,10.9,13.4
Column_RB_L4_N12,IfcColumn,RB,4,12,,Column,Concrete_Structure,RB_L4_Fourth,57.05,57.35,16.0,16.4,10.9,13.4
Column_RB_L4_N13,IfcColumn,RB,4,13,,Column,Concrete_Structure,RB_L4_Fourth,60.71,61.01,16.0,16.4,10.9,13.4
Column_RB_L4_N14,IfcColumn,RB,4,14,,Column,Concrete_Structure,RB_L4_Fourth,64.37,64.67,16.0,16.4,10.9,13.4
Column_RB_L4_N15,IfcColumn,RB,4,15,,Column,Concrete_Structure,RB_L4_Fourth,68.03,68.33,16.0,16.4,10.9,13.4
Column_RB_L4_N16,IfcColumn,RB,4,16,,Column,Concrete_Structure,RB_L4_Fourth,71.69,71.99,16.0,16.4,10.9,13.4
Column_RB_L4_N17,IfcColumn,RB,4,17,,Column,Concrete_Structure,RB_L4_Fourth,75.35,75.65,16.0,16.4,10.9,13.4
Column_RB_L4_N18,IfcColumn,RB,4,18,,Column,Concrete_Structure,RB_L4_Fourth,79.01,79.31,16.0,16.4,10.9,13.4
Column_RB_L4_N19,IfcColumn,RB,4,19,,Column,Concrete_Structure,RB_L4_Fourth,82.67,82.97,16.0,16.4,10.9,13.4
Column_RB_L4_N20,IfcColumn,RB,4,20,,Column,Concrete_Structure,RB_L4_Fourth,86.33,86.63,16.0,16.4,10.9,13.4
Column_RB_L4_N21,IfcColumn,RB,4,21,,Column,Concrete_Structure,RB_L4_Fourth,89.99,90.29,16.0,16.4,10.9,13.4
Column_RB_L4_N22,IfcColumn,RB,4,22,,Column,Concrete_Structure,RB_L4_Fourth,93.2,93.5,16.0,16.4,10.9,13.4
Column_RB_L4_S00,IfcColumn,RB,4,0,,Column,Concrete_Structure,RB_L4_Fourth,13.58,13.88,8.52,8.92,10.9,13.4
Column_RB_L4_S01,IfcColumn,RB,4,1,,Column,Concrete_Structure,RB_L4_Fourth,16.79,17.09,8.52,8.92,10.9,13.4
Column_RB_L4_S02,IfcColumn,RB,4,2,,Column,Concrete_Structure,RB_L4_Fourth,20.45,20.75,8.52,8.92,10.9,13.4
Column_RB_L4_S03,IfcColumn,RB,4,3,,Column,Concrete_Structure,RB_L4_Fourth,24.11,24.41,8.52,8.92,10.9,13.4
Column_RB_L4_S04,IfcColumn,RB,4,4,,Column,Concrete_Structure,RB_L4_Fourth,27.77,28.07,8.52,8.92,10.9,13.4
Column_RB_L4_S05,IfcColumn,RB,4,5,,Column,Concrete_Structure,RB_L4_Fourth,31.43,31.73,8.52,8.92,10.9,13.4
Column_RB_L4_S06,IfcColumn,RB,4,6,,Column,Concrete_Structure,RB_L4_Fourth,35.09,35.39,8.52,8.92,10.9,13.4
Column_RB_L4_S07,IfcColumn,RB,4,7,,Column,Concrete_Structure,RB_L4_Fourth,38.75,39.05,8.52,8.92,10.9,13.4
Column_RB_L4_S08,IfcColumn,RB,4,8,,Column,Concrete_Structure,RB_L4_Fourth,42.41,42.71,8.52,8.92,10.9,13.4
Column_RB_L4_S09,IfcColumn,RB,4,9,,Column,Concrete_Structure,RB_L4_Fourth,46.07,46.37,8.52,8.92,10.9,13.4
Column_RB_L4_S10,IfcColumn,RB,4,10,,Column,Concrete_Structure,RB_L4_Fourth,49.73,50.03,8.52,8.92,10.9,13.4
Column_RB_L4_S11,IfcColumn,RB,4,11,,Column,Concrete_Structure,RB_L4_Fourth,53.39,53.69,8.52,8.92,10.9,13.4
Column_RB_L4_S12,IfcColumn,RB,4,12,,Column,Concrete_Structure,RB_L4_Fourth,57.05,57.35,8.52,8.92,10.9,13.4
Column_RB_L4_S13,IfcColumn,RB,4,13,,Column,Concrete_Structure,RB_L4_Fourth,60.71,61.01,8.52,8.92,10.9,13.4
Column_RB_L4_S14,IfcColumn,RB,4,14,,Column,Concrete_Structure,RB_L4_Fourth,64.37,64.67,8.52,8.92,10.9,13.4
Column_RB_L4_S15,IfcColumn,RB,4,15,,Column,Concrete_Structure,RB_L4_Fourth,68.03,68.33,8.52,8.92,10.9,13.4
Column_RB_L4_S16,IfcColumn,RB,4,16,,Column,Concrete_Structure,RB_L4_Fourth,71.69,71.99,8.52,8.92,10.9,13.4
Column_RB_L4_S17,IfcColumn,RB,4,17,,Column,Concrete_Structure,RB_L4_Fourth,75.35,75.65,8.52,8.92,10.9,13.4
Column_RB_L4_S18,IfcColumn,RB,4,18,,Column,Concrete_Structure,RB_L4_Fourth,79.01,79.31,8.52,8.92,10.9,13.4
Column_RB_L4_S19,IfcColumn,RB,4,19,,Column,Concrete_Structure,RB_L4_Fourth,82.67,82.97,8.52,8.92,10.9,13.4
Column_RB_L4_S20,IfcColumn,RB,4,20,,Column,Concrete_Structure,RB_L4_Fourth,86.33,86.63,8.52,8.92,10.9,13.4
Column_RB_L4_S21,IfcColumn,RB,4,21,,Column,Concrete_Structure,RB_L4_Fourth,89.99,90.29,8.52,8.92,10.9,13.4
Column_RB_L4_S22,IfcColumn,RB,4,22,,Column,Concrete_Structure,RB_L4_Fourth,93.2,93.5,8.52,8.92,10.9,13.4
Column_RB_L5_C00,IfcColumn,RB,5,0,,Column,Concrete_Structure,RB_L5_Fifth,13.58,13.88,12.21,12.61,13.7,16.2
Column_RB_L5_C01,IfcColumn,RB,5,1,,Column,Concrete_Structure,RB_L5_Fifth,16.79,17.09,12.21,12.61,13.7,16.2
Column_RB_L5_C02,IfcColumn,RB,5,2,,Column,Concrete_Structure,RB_L5_Fifth,20.45,20.75,12.21,12.61,13.7,16.2
Column_RB_L5_C03,IfcColumn,RB,5,3,,Column,Concrete_Structure,RB_L5_Fifth,24.11,24.41,12.21,12.61,13.7,16.2
Column_RB_L5_C04,IfcColumn,RB,5,4,,Column,Concrete_Structure,RB_L5_Fifth,27.77,28.07,12.21,12.61,13.7,16.2
Column_RB_L5_C05,IfcColumn,RB,5,5,,Column,Concrete_Structure,RB_L5_Fifth,31.43,31.73,12.21,12.61,13.7,16.2
Column_RB_L5_C06,IfcColumn,RB,5,6,,Column,Concrete_Structure,RB_L5_Fifth,35.09,35.39,12.21,12.61,13.7,16.2
Column_RB_L5_C07,IfcColumn,RB,5,7,,Column,Concrete_Structure,RB_L5_Fifth,38.75,39.05,12.21,12.61,13.7,16.2
Column_RB_L5_C08,IfcColumn,RB,5,8,,Column,Concrete_Structure,RB_L5_Fifth,42.41,42.71,12.21,12.61,13.7,16.2
Column_RB_L5_C09,IfcColumn,RB,5,9,,Column,Concrete_Structure,RB_L5_Fifth,46.07,46.37,12.21,12.61,13.7,16.2
Column_RB_L5_C10,IfcColumn,RB,5,10,,Column,Concrete_Structure,RB_L5_Fifth,49.73,50.03,12.21,12.61,13.7,16.2
Column_RB_L5_C11,IfcColumn,RB,5,11,,Column,Concrete_Structure,RB_L5_Fifth,53.39,53.69,12.21,12.61,13.7,16.2
Column_RB_L5_C12,IfcColumn,RB,5,12,,Column,Concrete_Structure,RB_L5_Fifth,57.05,57.35,12.21,12.61,13.7,16.2
Column_RB_L5_C13,IfcColumn,RB,5,13,,Column,Concrete_Structure,RB_L5_Fifth,60.71,61.01,12.21,12.61,13.7,16.2
Column_RB_L5_C14,IfcColumn,RB,5,14,,Column,Concrete_Structure,RB_L5_Fifth,64.37,64.67,12.21,12.61,13.7,16.2
Column_RB_L5_C15,IfcColumn,RB,5,15,,Column,Concrete_Structure,RB_L5_Fifth,68.03,68.33,12.21,12.61,13.7,16.2
Column_RB_L5_C16,IfcColumn,RB,5,16,,Column,Concrete_Structure,RB_L5_Fifth,71.69,71.99,12.21,12.61,13.7,16.2
Column_RB_L5_C17,IfcColumn,RB,5,17,,Column,Concrete_Structure,RB_L5_Fifth,75.35,75.65,12.21,12.61,13.7,16.2
Column_RB_L5_C18,IfcColumn,RB,5,18,,Column,Concrete_Structure,RB_L5_Fifth,79.01,79.31,12.21,12.61,13.7,16.2
Column_RB_L5_C19,IfcColumn,RB,5,19,,Column,Concrete_Structure,RB_L5_Fifth,82.67,82.97,12.21,12.61,13.7,16.2
Column_RB_L5_C20,IfcColumn,RB,5,20,,Column,Concrete_Structure,RB_L5_Fifth,86.33,86.63,12.21,12.61,13.7,16.2
Column_RB_L5_C21,IfcColumn,RB,5,21,,Column,Concrete_Structure,RB_L5_Fifth,89.99,90.29,12.21,12.61,13.7,16.2
Column_RB_L5_C22,IfcColumn,RB,5,22,,Column,Concrete_Structure,RB_L5_Fifth,93.2,93.5,12.21,12.61,13.7,16.2
Column_RB_L5_N00,IfcColumn,RB,5,0,,Column,Concrete_Structure,RB_L5_Fifth,13.58,13.88,16.0,16.4,13.7,16.2
Column_RB_L5_N01,IfcColumn,RB,5,1,,Column,Concrete_Structure,RB_L5_Fifth,16.79,17.09,16.0,16.4,13.7,16.2
Column_RB_L5_N02,IfcColumn,RB,5,2,,Column,Concrete_Structure,RB_L5_Fifth,20.45,20.75,16.0,16.4,13.7,16.2
Column_RB_L5_N03,IfcColumn,RB,5,3,,Column,Concrete_Structure,RB_L5_Fifth,24.11,24.41,16.0,16.4,13.7,16.2
Column_RB_L5_N04,IfcColumn,RB,5,4,,Column,Concrete_Structure,RB_L5_Fifth,27.77,28.07,16.0,16.4,13.7,16.2
Column_RB_L5_N05,IfcColumn,RB,5,5,,Column,Concrete_Structure,RB_L5_Fifth,31.43,31.73,16.0,16.4,13.7,16.2
Column_RB_L5_N06,IfcColumn,RB,5,6,,Column,Concrete_Structure,RB_L5_Fifth,35.09,35.39,16.0,16.4,13.7,16.2
Column_RB_L5_N07,IfcColumn,RB,5,7,,Column,Concrete_Structure,RB_L5_Fifth,38.75,39.05,16.0,16.4,13.7,16.2
Column_RB_L5_N08,IfcColumn,RB,5,8,,Column,Concrete_Structure,RB_L5_Fifth,42.41,42.71,16.0,16.4,13.7,16.2
Column_RB_L5_N09,IfcColumn,RB,5,9,,Column,Concrete_Structure,RB_L5_Fifth,46.07,46.37,16.0,16.4,13.7,16.2
Column_RB_L5_N10,IfcColumn,RB,5,10,,Column,Concrete_Structure,RB_L5_Fifth,49.73,50.03,16.0,16.4,13.7,16.2
Column_RB_L5_N11,IfcColumn,RB,5,11,,Column,Concrete_Structure,RB_L5_Fifth,53.39,53.69,16.0,16.4,13.7,16.2
Column_RB_L5_N12,IfcColumn,RB,5,12,,Column,Concrete_Structure,RB_L5_Fifth,57.05,57.35,16.0,16.4,13.7,16.2
Column_RB_L5_N13,IfcColumn,RB,5,13,,Column,Concrete_Structure,RB_L5_Fifth,60.71,61.01,16.0,16.4,13.7,16.2
Column_RB_L5_N14,IfcColumn,RB,5,14,,Column,Concrete_Structure,RB_L5_Fifth,64.37,64.67,16.0,16.4,13.7,16.2
Column_RB_L5_N15,IfcColumn,RB,5,15,,Column,Concrete_Structure,RB_L5_Fifth,68.03,68.33,16.0,16.4,13.7,16.2
Column_RB_L5_N16,IfcColumn,RB,5,16,,Column,Concrete_Structure,RB_L5_Fifth,71.69,71.99,16.0,16.4,13.7,16.2
Column_RB_L5_N17,IfcColumn,RB,5,17,,Column,Concrete_Structure,RB_L5_Fifth,75.35,75.65,16.0,16.4,13.7,16.2
Column_RB_L5_N18,IfcColumn,RB,5,18,,Column,Concrete_Structure,RB_L5_Fifth,79.01,79.31,16.0,16.4,13.7,16.2
Column_RB_L5_N19,IfcColumn,RB,5,19,,Column,Concrete_Structure,RB_L5_Fifth,82.67,82.97,16.0,16.4,13.7,16.2
Column_RB_L5_N20,IfcColumn,RB,5,20,,Column,Concrete_Structure,RB_L5_Fifth,86.33,86.63,16.0,16.4,13.7,16.2
Column_RB_L5_N21,IfcColumn,RB,5,21,,Column,Concrete_Structure,RB_L5_Fifth,89.99,90.29,16.0,16.4,13.7,16.2
Column_RB_L5_N22,IfcColumn,RB,5,22,,Column,Concrete_Structure,RB_L5_Fifth,93.2,93.5,16.0,16.4,13.7,16.2
Column_RB_L5_S00,IfcColumn,RB,5,0,,Column,Concrete_Structure,RB_L5_Fifth,13.58,13.88,8.52,8.92,13.7,16.2
Column_RB_L5_S01,IfcColumn,RB,5,1,,Column,Concrete_Structure,RB_L5_Fifth,16.79,17.09,8.52,8.92,13.7,16.2
Column_RB_L5_S02,IfcColumn,RB,5,2,,Column,Concrete_Structure,RB_L5_Fifth,20.45,20.75,8.52,8.92,13.7,16.2
Column_RB_L5_S03,IfcColumn,RB,5,3,,Column,Concrete_Structure,RB_L5_Fifth,24.11,24.41,8.52,8.92,13.7,16.2
Column_RB_L5_S04,IfcColumn,RB,5,4,,Column,Concrete_Structure,RB_L5_Fifth,27.77,28.07,8.52,8.92,13.7,16.2
Column_RB_L5_S05,IfcColumn,RB,5,5,,Column,Concrete_Structure,RB_L5_Fifth,31.43,31.73,8.52,8.92,13.7,16.2
Column_RB_L5_S06,IfcColumn,RB,5,6,,Column,Concrete_Structure,RB_L5_Fifth,35.09,35.39,8.52,8.92,13.7,16.2
Column_RB_L5_S07,IfcColumn,RB,5,7,,Column,Concrete_Structure,RB_L5_Fifth,38.75,39.05,8.52,8.92,13.7,16.2
Column_RB_L5_S08,IfcColumn,RB,5,8,,Column,Concrete_Structure,RB_L5_Fifth,42.41,42.71,8.52,8.92,13.7,16.2
Column_RB_L5_S09,IfcColumn,RB,5,9,,Column,Concrete_Structure,RB_L5_Fifth,46.07,46.37,8.52,8.92,13.7,16.2
Column_RB_L5_S10,IfcColumn,RB,5,10,,Column,Concrete_Structure,RB_L5_Fifth,49.73,50.03,8.52,8.92,13.7,16.2
Column_RB_L5_S11,IfcColumn,RB,5,11,,Column,Concrete_Structure,RB_L5_Fifth,53.39,53.69,8.52,8.92,13.7,16.2
Column_RB_L5_S12,IfcColumn,RB,5,12,,Column,Concrete_Structure,RB_L5_Fifth,57.05,57.35,8.52,8.92,13.7,16.2
Column_RB_L5_S13,IfcColumn,RB,5,13,,Column,Concrete_Structure,RB_L5_Fifth,60.71,61.01,8.52,8.92,13.7,16.2
Column_RB_L5_S14,IfcColumn,RB,5,14,,Column,Concrete_Structure,RB_L5_Fifth,64.37,64.67,8.52,8.92,13.7,16.2
Column_RB_L5_S15,IfcColumn,RB,5,15,,Column,Concrete_Structure,RB_L5_Fifth,68.03,68.33,8.52,8.92,13.7,16.2
Column_RB_L5_S16,IfcColumn,RB,5,16,,Column,Concrete_Structure,RB_L5_Fifth,71.69,71.99,8.52,8.92,13.7,16.2
Column_RB_L5_S17,IfcColumn,RB,5,17,,Column,Concrete_Structure,RB_L5_Fifth,75.35,75.65,8.52,8.92,13.7,16.2
Column_RB_L5_S18,IfcColumn,RB,5,18,,Column,Concrete_Structure,RB_L5_Fifth,79.01,79.31,8.52,8.92,13.7,16.2
Column_RB_L5_S19,IfcColumn,RB,5,19,,Column,Concrete_Structure,RB_L5_Fifth,82.67,82.97,8.52,8.92,13.7,16.2
Column_RB_L5_S20,IfcColumn,RB,5,20,,Column,Concrete_Structure,RB_L5_Fifth,86.33,86.63,8.52,8.92,13.7,16.2
Column_RB_L5_S21,IfcColumn,RB,5,21,,Column,Concrete_Structure,RB_L5_Fifth,89.99,90.29,8.52,8.92,13.7,16.2
Column_RB_L5_S22,IfcColumn,RB,5,22,,Column,Concrete_Structure,RB_L5_Fifth,93.2,93.5,8.52,8.92,13.7,16.2
Door_BR_L1_Balcony,IfcDoor,BR,1,0,Bridge,BalconyDoor,Timber,BR_Bridge,15.445,15.495,7.92,8.82,2.5,4.6
Door_CB_L0_Core,IfcDoor,CB,0,-1,CoreCB,StairDoor,Timber,CB_L0_Ground,12.6,13.5,-5.505,-5.455,0.0,2.1
Door_CB_L0_Entrance,IfcDoor,CB,0,-1,Hall,ExteriorDoor,Timber,CB_L0_Ground,16.545,16.595,-11.2,-10.3,0.0,2.1
Door_CB_L0_WC1,IfcDoor,CB,0,-1,WC1,InteriorDoor,Timber,CB_L0_Ground,8.745,8.795,-14.7,-14.0,0.0,2.1
Door_CB_L0_WC2,IfcDoor,CB,0,-1,WC2,InteriorDoor,Timber,CB_L0_Ground,8.745,8.795,-11.2,-10.5,0.0,2.1
Door_CB_L0_WC3,IfcDoor,CB,0,-1,WC3,InteriorDoor,Timber,CB_L0_Ground,8.745,8.795,-7.7,-7.0,0.0,2.1
Door_CB_L1_Core,IfcDoor,CB,1,-1,CoreCB,StairDoor,Timber,CB_L1_First,12.6,13.5,-5.505,-5.455,2.5,4.6
Door_CB_L1_N_Core,IfcDoor,CB,1,-1,CoreCB,ExteriorDoor,Timber,CB_L1_First,13.9,14.8,-2.255,-2.205,2.5,4.6
Door_CB_L3_Core,IfcDoor,CB,3,-1,CoreCB,StairDoor,Timber,CB_L3_Gallery,12.6,13.5,-5.505,-5.455,8.4,10.5
Door_CB_L4_RoofTerrace,IfcDoor,CB,4,-1,CoreCB,ExteriorDoor,Timber,CB_Roof,11.0,11.9,-5.505,-5.455,10.9,13.0
Door_PH_L6_S,IfcDoor,PH,6,-1,Penthouse,ExteriorDoor,Timber,RB_L6_Roof,30.0,30.9,9.945,9.995,16.5,18.6
Door_RB_L0_Caretaker,IfcDoor,RB,0,2,Caretaker,EntranceDoor,Timber,RB_L0_Pilotis,20.575,20.625,10.5,11.4,0.0,2.1
Door_RB_L0_CoreE,IfcDoor,RB,0,19,CoreE,StairDoor,Timber,RB_L0_Pilotis,84.2,85.1,12.385,12.435,0.0,2.1
Door_RB_L0_CoreW,IfcDoor,RB,0,2,CoreW,StairDoor,Timber,RB_L0_Pilotis,21.9,22.8,12.385,12.435,0.0,2.1
Door_RB_L0_LobbyService,IfcDoor,RB,0,6,LobbyService,InteriorDoor,Timber,RB_L0_Pilotis,36.0,36.9,12.385,12.435,0.0,2.1
Door_RB_L0_LobbyWC1,IfcDoor,RB,0,4,LobbyWC1,InteriorDoor,Timber,RB_L0_Pilotis,28.4,29.1,12.385,12.435,0.0,2.1
Door_RB_L0_LobbyWC2,IfcDoor,RB,0,4,LobbyWC2,InteriorDoor,Timber,RB_L0_Pilotis,30.2,30.9,12.385,12.435,0.0,2.1
Door_RB_L0_S_Lobby,IfcDoor,RB,0,3,Lobby,ExteriorDoor,Timber,RB_L0_Pilotis,25.5,26.4,10.005,10.055,0.0,2.1
Door_RB_L0_S_Vestibule,IfcDoor,RB,0,2,Vestibule,ExteriorDoor,Timber,RB_L0_Pilotis,21.9,22.8,10.005,10.055,0.0,2.1
Door_RB_L0_Vestibule-Lobby,IfcDoor,RB,0,3,Lobby,InteriorDoor,Timber,RB_L0_Pilotis,24.235,24.285,10.5,11.4,0.0,2.1
Door_RB_L0_VestibuleE_Entrance,IfcDoor,RB,0,19,VestibuleE,ExteriorDoor,Timber,RB_L0_Pilotis,84.207,85.093,9.829,9.879,0.0,2.1
Door_RB_L1_CoreE,IfcDoor,RB,1,19,CoreE,EntranceDoor,Timber,RB_L1_First,84.2,85.1,12.385,12.435,2.5,4.6
Door_RB_L1_CoreW,IfcDoor,RB,1,2,CoreW,EntranceDoor,Timber,RB_L1_First,21.9,22.8,12.385,12.435,2.5,4.6
Door_RB_L1_EndE,IfcDoor,RB,1,20,EndE,EntranceDoor,Timber,RB_L1_First,86.455,86.505,10.5,11.4,2.5,4.6
Door_RB_L1_EndW,IfcDoor,RB,1,1,EndW,EntranceDoor,Timber,RB_L1_First,18.5,19.4,12.385,12.435,2.5,4.6
Door_RB_L1_K01,IfcDoor,RB,1,4,K01,EntranceDoor,Timber,RB_L1_First,28.98,29.88,12.385,12.435,2.5,4.6
Door_RB_L1_K02,IfcDoor,RB,1,5,K02,EntranceDoor,Timber,RB_L1_First,33.28,34.18,12.385,12.435,2.5,4.6
Door_RB_L1_K03,IfcDoor,RB,1,8,K03,EntranceDoor,Timber,RB_L1_First,43.62,44.52,12.385,12.435,2.5,4.6
Door_RB_L1_K04,IfcDoor,RB,1,9,K04,EntranceDoor,Timber,RB_L1_First,47.92,48.82,12.385,12.435,2.5,4.6
Door_RB_L1_K05,IfcDoor,RB,1,12,K05,EntranceDoor,Timber,RB_L1_First,58.26,59.16,12.385,12.435,2.5,4.6
Door_RB_L1_K06,IfcDoor,RB,1,13,K06,EntranceDoor,Timber,RB_L1_First,62.56,63.46,12.385,12.435,2.5,4.6
Door_RB_L1_K07,IfcDoor,RB,1,16,K07,EntranceDoor,Timber,RB_L1_First,72.9,73.8,12.385,12.435,2.5,4.6
Door_RB_L1_K08,IfcDoor,RB,1,17,K08,EntranceDoor,Timber,RB_L1_First,77.2,78.1,12.385,12.435,2.5,4.6
Door_RB_L2_CoreE,IfcDoor,RB,2,19,CoreE,StairDoor,Timber,RB_L2_Second,84.2,85.1,12.385,12.435,5.3,7.4
Door_RB_L2_CoreW,IfcDoor,RB,2,2,CoreW,StairDoor,Timber,RB_L2_Second,21.9,22.8,12.385,12.435,5.3,7.4
Door_RB_L2_EndE,IfcDoor,RB,2,20,EndE,EntranceDoor,Timber,RB_L2_Second,86.455,86.505,10.5,11.4,5.3,7.4
Door_RB_L2_EndW,IfcDoor,RB,2,2,EndW,EntranceDoor,Timber,RB_L2_Second,20.575,20.625,10.5,11.4,5.3,7.4
Door_RB_L2_K01_Bath,IfcDoor,RB,2,3,K01,InteriorDoor,Timber,RB_L2_Second,28.52,29.22,14.895,14.945,5.3,7.4
Door_RB_L2_K02_Bath,IfcDoor,RB,2,5,K02,InteriorDoor,Timber,RB_L2_Second,33.53,34.23,14.895,14.945,5.3,7.4
Door_RB_L2_K03_Bath,IfcDoor,RB,2,7,K03,InteriorDoor,Timber,RB_L2_Second,43.16,43.86,14.895,14.945,5.3,7.4
Door_RB_L2_K04_Bath,IfcDoor,RB,2,9,K04,InteriorDoor,Timber,RB_L2_Second,48.17,48.87,14.895,14.945,5.3,7.4
Door_RB_L2_K05_Bath,IfcDoor,RB,2,11,K05,InteriorDoor,Timber,RB_L2_Second,57.8,58.5,14.895,14.945,5.3,7.4
Door_RB_L2_K06_Bath,IfcDoor,RB,2,13,K06,InteriorDoor,Timber,RB_L2_Second,62.81,63.51,14.895,14.945,5.3,7.4
Door_RB_L2_K07_Bath,IfcDoor,RB,2,15,K07,InteriorDoor,Timber,RB_L2_Second,72.44,73.14,14.895,14.945,5.3,7.4
Door_RB_L2_K08_Bath,IfcDoor,RB,2,17,K08,InteriorDoor,Timber,RB_L2_Second,77.45,78.15,14.895,14.945,5.3,7.4
Door_RB_L2_W_EndW,IfcDoor,RB,2,0,EndW,ExteriorDoor,Timber,RB_L2_Second,13.405,13.455,10.95,11.85,5.3,7.4
Door_RB_L3_CoreE,IfcDoor,RB,3,19,CoreE,StairDoor,Timber,RB_L3_Third,84.2,85.1,12.385,12.435,8.1,10.2
Door_RB_L3_CoreW,IfcDoor,RB,3,2,CoreW,StairDoor,Timber,RB_L3_Third,21.9,22.8,12.385,12.435,8.1,10.2
Door_RB_L3_EndE,IfcDoor,RB,3,20,EndE,EntranceDoor,Timber,RB_L3_Third,86.455,86.505,10.5,11.4,8.1,10.2
Door_RB_L3_EndW,IfcDoor,RB,3,2,EndW,EntranceDoor,Timber,RB_L3_Third,20.575,20.625,10.5,11.4,8.1,10.2
Door_RB_L3_W_EndW,IfcDoor,RB,3,0,EndW,ExteriorDoor,Timber,RB_L3_Third,13.405,13.455,10.95,11.85,8.1,10.2
Door_RB_L4_CoreE,IfcDoor,RB,4,19,CoreE,StairDoor,Timber,RB_L4_Fourth,84.2,85.1,12.385,12.435,10.9,13.0
Door_RB_L4_CoreW,IfcDoor,RB,4,2,CoreW,StairDoor,Timber,RB_L4_Fourth,21.9,22.8,12.385,12.435,10.9,13.0
Door_RB_L4_EndE,IfcDoor,RB,4,20,EndE,EntranceDoor,Timber,RB_L4_Fourth,86.455,86.505,10.5,11.4,10.9,13.0
Door_RB_L4_EndW,IfcDoor,RB,4,2,EndW,EntranceDoor,Timber,RB_L4_Fourth,20.575,20.625,10.5,11.4,10.9,13.0
Door_RB_L4_F01,IfcDoor,RB,4,3,F01,EntranceDoor,Timber,RB_L4_Fourth,24.76,25.66,10.435,10.485,10.9,13.0
Door_RB_L4_F01_WC1,IfcDoor,RB,4,3,F01,InteriorDoor,Timber,RB_L4_Fourth,26.245,26.295,10.66,11.36,10.9,13.0
Door_RB_L4_F01_WC2,IfcDoor,RB,4,3,F01,InteriorDoor,Timber,RB_L4_Fourth,26.245,26.295,11.5,12.2,10.9,13.0
Door_RB_L4_F02,IfcDoor,RB,4,4,F02,EntranceDoor,Timber,RB_L4_Fourth,28.42,29.32,10.435,10.485,10.9,13.0
Door_RB_L4_F02_WC1,IfcDoor,RB,4,4,F02,InteriorDoor,Timber,RB_L4_Fourth,29.905,29.955,10.66,11.36,10.9,13.0
Door_RB_L4_F02_WC2,IfcDoor,RB,4,4,F02,InteriorDoor,Timber,RB_L4_Fourth,29.905,29.955,11.5,12.2,10.9,13.0
Door_RB_L4_F03,IfcDoor,RB,4,5,F03,EntranceDoor,Timber,RB_L4_Fourth,32.08,32.98,10.435,10.485,10.9,13.0
Door_RB_L4_F03_WC1,IfcDoor,RB,4,5,F03,InteriorDoor,Timber,RB_L4_Fourth,33.565,33.615,10.66,11.36,10.9,13.0
Door_RB_L4_F03_WC2,IfcDoor,RB,4,5,F03,InteriorDoor,Timber,RB_L4_Fourth,33.565,33.615,11.5,12.2,10.9,13.0
Door_RB_L4_F04,IfcDoor,RB,4,6,F04,EntranceDoor,Timber,RB_L4_Fourth,35.74,36.64,10.435,10.485,10.9,13.0
Door_RB_L4_F04_WC1,IfcDoor,RB,4,6,F04,InteriorDoor,Timber,RB_L4_Fourth,37.225,37.275,10.66,11.36,10.9,13.0
Door_RB_L4_F04_WC2,IfcDoor,RB,4,6,F04,InteriorDoor,Timber,RB_L4_Fourth,37.225,37.275,11.5,12.2,10.9,13.0
Door_RB_L4_F05,IfcDoor,RB,4,7,F05,EntranceDoor,Timber,RB_L4_Fourth,39.4,40.3,10.435,10.485,10.9,13.0
Door_RB_L4_F05_WC1,IfcDoor,RB,4,7,F05,InteriorDoor,Timber,RB_L4_Fourth,40.885,40.935,10.66,11.36,10.9,13.0
Door_RB_L4_F05_WC2,IfcDoor,RB,4,7,F05,InteriorDoor,Timber,RB_L4_Fourth,40.885,40.935,11.5,12.2,10.9,13.0
Door_RB_L4_F06,IfcDoor,RB,4,8,F06,EntranceDoor,Timber,RB_L4_Fourth,43.06,43.96,10.435,10.485,10.9,13.0
Door_RB_L4_F06_WC1,IfcDoor,RB,4,8,F06,InteriorDoor,Timber,RB_L4_Fourth,44.545,44.595,10.66,11.36,10.9,13.0
Door_RB_L4_F06_WC2,IfcDoor,RB,4,8,F06,InteriorDoor,Timber,RB_L4_Fourth,44.545,44.595,11.5,12.2,10.9,13.0
Door_RB_L4_F07,IfcDoor,RB,4,9,F07,EntranceDoor,Timber,RB_L4_Fourth,46.72,47.62,10.435,10.485,10.9,13.0
Door_RB_L4_F07_WC1,IfcDoor,RB,4,9,F07,InteriorDoor,Timber,RB_L4_Fourth,48.205,48.255,10.66,11.36,10.9,13.0
Door_RB_L4_F07_WC2,IfcDoor,RB,4,9,F07,InteriorDoor,Timber,RB_L4_Fourth,48.205,48.255,11.5,12.2,10.9,13.0
Door_RB_L4_F08,IfcDoor,RB,4,10,F08,EntranceDoor,Timber,RB_L4_Fourth,50.38,51.28,10.435,10.485,10.9,13.0
Door_RB_L4_F08_WC1,IfcDoor,RB,4,10,F08,InteriorDoor,Timber,RB_L4_Fourth,51.865,51.915,10.66,11.36,10.9,13.0
Door_RB_L4_F08_WC2,IfcDoor,RB,4,10,F08,InteriorDoor,Timber,RB_L4_Fourth,51.865,51.915,11.5,12.2,10.9,13.0
Door_RB_L4_F09,IfcDoor,RB,4,11,F09,EntranceDoor,Timber,RB_L4_Fourth,54.04,54.94,10.435,10.485,10.9,13.0
Door_RB_L4_F09_WC1,IfcDoor,RB,4,11,F09,InteriorDoor,Timber,RB_L4_Fourth,55.525,55.575,10.66,11.36,10.9,13.0
Door_RB_L4_F09_WC2,IfcDoor,RB,4,11,F09,InteriorDoor,Timber,RB_L4_Fourth,55.525,55.575,11.5,12.2,10.9,13.0
Door_RB_L4_F10,IfcDoor,RB,4,12,F10,EntranceDoor,Timber,RB_L4_Fourth,57.7,58.6,10.435,10.485,10.9,13.0
Door_RB_L4_F10_WC1,IfcDoor,RB,4,12,F10,InteriorDoor,Timber,RB_L4_Fourth,59.185,59.235,10.66,11.36,10.9,13.0
Door_RB_L4_F10_WC2,IfcDoor,RB,4,12,F10,InteriorDoor,Timber,RB_L4_Fourth,59.185,59.235,11.5,12.2,10.9,13.0
Door_RB_L4_F11,IfcDoor,RB,4,13,F11,EntranceDoor,Timber,RB_L4_Fourth,61.36,62.26,10.435,10.485,10.9,13.0
Door_RB_L4_F11_WC1,IfcDoor,RB,4,13,F11,InteriorDoor,Timber,RB_L4_Fourth,62.845,62.895,10.66,11.36,10.9,13.0
Door_RB_L4_F11_WC2,IfcDoor,RB,4,13,F11,InteriorDoor,Timber,RB_L4_Fourth,62.845,62.895,11.5,12.2,10.9,13.0
Door_RB_L4_F12,IfcDoor,RB,4,14,F12,EntranceDoor,Timber,RB_L4_Fourth,65.02,65.92,10.435,10.485,10.9,13.0
Door_RB_L4_F12_WC1,IfcDoor,RB,4,14,F12,InteriorDoor,Timber,RB_L4_Fourth,66.505,66.555,10.66,11.36,10.9,13.0
Door_RB_L4_F12_WC2,IfcDoor,RB,4,14,F12,InteriorDoor,Timber,RB_L4_Fourth,66.505,66.555,11.5,12.2,10.9,13.0
Door_RB_L4_F13,IfcDoor,RB,4,15,F13,EntranceDoor,Timber,RB_L4_Fourth,68.68,69.58,10.435,10.485,10.9,13.0
Door_RB_L4_F13_WC1,IfcDoor,RB,4,15,F13,InteriorDoor,Timber,RB_L4_Fourth,70.165,70.215,10.66,11.36,10.9,13.0
Door_RB_L4_F13_WC2,IfcDoor,RB,4,15,F13,InteriorDoor,Timber,RB_L4_Fourth,70.165,70.215,11.5,12.2,10.9,13.0
Door_RB_L4_F14,IfcDoor,RB,4,16,F14,EntranceDoor,Timber,RB_L4_Fourth,72.34,73.24,10.435,10.485,10.9,13.0
Door_RB_L4_F14_WC1,IfcDoor,RB,4,16,F14,InteriorDoor,Timber,RB_L4_Fourth,73.825,73.875,10.66,11.36,10.9,13.0
Door_RB_L4_F14_WC2,IfcDoor,RB,4,16,F14,InteriorDoor,Timber,RB_L4_Fourth,73.825,73.875,11.5,12.2,10.9,13.0
Door_RB_L4_F15,IfcDoor,RB,4,17,F15,EntranceDoor,Timber,RB_L4_Fourth,76.0,76.9,10.435,10.485,10.9,13.0
Door_RB_L4_F15_WC1,IfcDoor,RB,4,17,F15,InteriorDoor,Timber,RB_L4_Fourth,77.485,77.535,10.66,11.36,10.9,13.0
Door_RB_L4_F15_WC2,IfcDoor,RB,4,17,F15,InteriorDoor,Timber,RB_L4_Fourth,77.485,77.535,11.5,12.2,10.9,13.0
Door_RB_L4_F16,IfcDoor,RB,4,18,F16,EntranceDoor,Timber,RB_L4_Fourth,79.66,80.56,10.435,10.485,10.9,13.0
Door_RB_L4_F16_WC1,IfcDoor,RB,4,18,F16,InteriorDoor,Timber,RB_L4_Fourth,81.145,81.195,10.66,11.36,10.9,13.0
Door_RB_L4_F16_WC2,IfcDoor,RB,4,18,F16,InteriorDoor,Timber,RB_L4_Fourth,81.145,81.195,11.5,12.2,10.9,13.0
Door_RB_L4_W_EndW,IfcDoor,RB,4,0,EndW,ExteriorDoor,Timber,RB_L4_Fourth,13.405,13.455,10.95,11.85,10.9,13.0
Door_RB_L5_CoreE,IfcDoor,RB,5,19,CoreE,StairDoor,Timber,RB_L5_Fifth,84.2,85.1,12.385,12.435,13.7,15.8
Door_RB_L5_CoreW,IfcDoor,RB,5,2,CoreW,StairDoor,Timber,RB_L5_Fifth,21.9,22.8,12.385,12.435,13.7,15.8
Door_RB_L5_EndE,IfcDoor,RB,5,20,EndE,EntranceDoor,Timber,RB_L5_Fifth,86.455,86.505,10.5,11.4,13.7,15.8
Door_RB_L5_EndW,IfcDoor,RB,5,2,EndW,EntranceDoor,Timber,RB_L5_Fifth,20.575,20.625,10.5,11.4,13.7,15.8
Door_RB_L5_W_EndW,IfcDoor,RB,5,0,EndW,ExteriorDoor,Timber,RB_L5_Fifth,13.405,13.455,10.95,11.85,13.7,15.8
Door_RB_L6_CoreE,IfcDoor,RB,6,19,CoreE,StairDoor,Timber,RB_L6_Roof,84.2,85.1,12.385,12.435,16.5,18.6
Door_RB_L6_CoreW,IfcDoor,RB,6,2,CoreW,StairDoor,Timber,RB_L6_Roof,21.9,22.8,12.385,12.435,16.5,18.6
Parapet_CB_CoreRoof_E,IfcWall,CB,4,-1,Hall,Parapet,Concrete,CB_Roof,15.42,15.62,-5.48,-2.28,13.5,14.1
Parapet_CB_CoreRoof_N,IfcWall,CB,4,-1,Hall,Parapet,Concrete,CB_Roof,6.27,15.62,-2.28,-2.08,13.5,14.1
Parapet_CB_CoreRoof_S,IfcWall,CB,4,-1,Hall,Parapet,Concrete,CB_Roof,6.27,15.42,-5.48,-5.28,13.5,14.1
Parapet_CB_CoreRoof_W,IfcWall,CB,4,-1,Hall,Parapet,Concrete,CB_Roof,6.07,6.27,-5.48,-2.08,13.5,14.1
Parapet_CB_Roof_E,IfcWall,CB,4,-1,Hall,Parapet,Concrete,CB_Roof,16.52,16.72,-15.84,-5.48,10.9,11.5
Parapet_CB_Roof_N,IfcWall,CB,4,-1,Hall,Parapet,Concrete,CB_Roof,15.62,16.52,-5.68,-5.48,10.9,11.5
Parapet_CB_Roof_S,IfcWall,CB,4,-1,Hall,Parapet,Concrete,CB_Roof,6.27,16.72,-16.04,-15.84,10.9,11.5
Parapet_CB_Roof_W,IfcWall,CB,4,-1,Hall,Parapet,Concrete,CB_Roof,6.07,6.27,-16.04,-5.48,10.9,11.5
Parapet_RB_L1_EastEnd,IfcWall,RB,1,21,,Parapet,Concrete,RB_L1_First,93.6,93.8,7.72,9.82,2.5,3.7
Parapet_RB_L1_b00,IfcWall,RB,1,0,,Parapet,Concrete,RB_L1_First,15.62,16.94,7.52,7.72,2.5,3.7
Parapet_RB_L1_b01,IfcWall,RB,1,1,,Parapet,Concrete,RB_L1_First,16.94,20.6,7.52,7.72,2.5,3.7
Parapet_RB_L1_b02,IfcWall,RB,1,2,,Parapet,Concrete,RB_L1_First,20.6,24.26,7.52,7.72,2.5,3.7
Parapet_RB_L1_b03,IfcWall,RB,1,3,,Parapet,Concrete,RB_L1_First,24.26,27.92,7.52,7.72,2.5,3.7
Parapet_RB_L1_b04,IfcWall,RB,1,4,,Parapet,Concrete,RB_L1_First,27.92,31.58,7.52,7.72,2.5,3.7
Parapet_RB_L1_b05,IfcWall,RB,1,5,,Parapet,Concrete,RB_L1_First,31.58,35.24,7.52,7.72,2.5,3.7
Parapet_RB_L1_b06,IfcWall,RB,1,6,,Parapet,Concrete,RB_L1_First,35.24,38.9,7.52,7.72,2.5,3.7
Parapet_RB_L1_b07,IfcWall,RB,1,7,,Parapet,Concrete,RB_L1_First,38.9,42.56,7.52,7.72,2.5,3.7
Parapet_RB_L1_b08,IfcWall,RB,1,8,,Parapet,Concrete,RB_L1_First,42.56,46.22,7.52,7.72,2.5,3.7
Parapet_RB_L1_b09,IfcWall,RB,1,9,,Parapet,Concrete,RB_L1_First,46.22,49.88,7.52,7.72,2.5,3.7
Parapet_RB_L1_b10,IfcWall,RB,1,10,,Parapet,Concrete,RB_L1_First,49.88,53.54,7.52,7.72,2.5,3.7
Parapet_RB_L1_b11,IfcWall,RB,1,11,,Parapet,Concrete,RB_L1_First,53.54,57.2,7.52,7.72,2.5,3.7
Parapet_RB_L1_b12,IfcWall,RB,1,12,,Parapet,Concrete,RB_L1_First,57.2,60.86,7.52,7.72,2.5,3.7
Parapet_RB_L1_b13,IfcWall,RB,1,13,,Parapet,Concrete,RB_L1_First,60.86,64.52,7.52,7.72,2.5,3.7
Parapet_RB_L1_b14,IfcWall,RB,1,14,,Parapet,Concrete,RB_L1_First,64.52,68.18,7.52,7.72,2.5,3.7
Parapet_RB_L1_b15,IfcWall,RB,1,15,,Parapet,Concrete,RB_L1_First,68.18,71.84,7.52,7.72,2.5,3.7
Parapet_RB_L1_b16,IfcWall,RB,1,16,,Parapet,Concrete,RB_L1_First,71.84,75.5,7.52,7.72,2.5,3.7
Parapet_RB_L1_b17,IfcWall,RB,1,17,,Parapet,Concrete,RB_L1_First,75.5,79.16,7.52,7.72,2.5,3.7
Parapet_RB_L1_b18,IfcWall,RB,1,18,,Parapet,Concrete,RB_L1_First,79.16,82.82,7.52,7.72,2.5,3.7
Parapet_RB_L1_b19,IfcWall,RB,1,19,,Parapet,Concrete,RB_L1_First,82.82,86.48,7.52,7.72,2.5,3.7
Parapet_RB_L1_b20,IfcWall,RB,1,20,,Parapet,Concrete,RB_L1_First,86.48,90.14,7.52,7.72,2.5,3.7
Parapet_RB_L1_b21,IfcWall,RB,1,21,,Parapet,Concrete,RB_L1_First,90.14,93.8,7.52,7.72,2.5,3.7
Parapet_RB_L2_West,IfcWall,RB,2,0,EndW,Parapet,Concrete,RB_L2_Second,10.88,13.28,9.0,13.8,5.3,6.4
Parapet_RB_L3_West,IfcWall,RB,3,0,EndW,Parapet,Concrete,RB_L3_Third,10.88,13.28,9.0,13.8,8.1,9.2
Parapet_RB_L4_West,IfcWall,RB,4,0,EndW,Parapet,Concrete,RB_L4_Fourth,10.88,13.28,9.0,13.8,10.9,12.0
Parapet_RB_L5_West,IfcWall,RB,5,0,EndW,Parapet,Concrete,RB_L5_Fifth,10.88,13.28,9.0,13.8,13.7,14.8
Parapet_RB_L6_E,IfcWall,RB,6,-1,,Parapet,Concrete,RB_L6_Roof,93.6,93.8,7.72,17.42,16.5,17.1
Parapet_RB_L6_N_a,IfcWall,RB,6,-1,,Parapet,Concrete,RB_L6_Roof,13.48,16.94,17.22,17.42,16.5,17.1
Parapet_RB_L6_N_b,IfcWall,RB,6,-1,,Parapet,Concrete,RB_L6_Roof,46.22,82.67,17.22,17.42,16.5,17.1
Parapet_RB_L6_N_c,IfcWall,RB,6,-1,,Parapet,Concrete,RB_L6_Roof,86.63,93.6,17.22,17.42,16.5,17.1
Parapet_RB_L6_S,IfcWall,RB,6,-1,,Parapet,Concrete,RB_L6_Roof,13.28,93.8,7.52,7.72,16.5,17.1
Parapet_RB_L6_W,IfcWall,RB,6,-1,,Parapet,Concrete,RB_L6_Roof,13.28,13.48,7.72,17.42,16.5,17.1
Roof_BR_L2,IfcRoof,BR,1,0,Bridge,Roof,Concrete,BR_Bridge,13.28,15.62,-2.08,7.52,5.0,5.3
Roof_CB,IfcRoof,CB,4,-1,Hall,Roof,Concrete,CB_Roof,6.07,16.72,-16.04,-5.48,10.6,10.9
Roof_CB_Core,IfcRoof,CB,4,-1,CoreCB,Roof,Concrete,CB_Roof,6.07,15.62,-5.48,-2.08,13.2,13.5
Roof_PH_L7,IfcRoof,PH,7,-1,Penthouse,Roof,Concrete,RB_L7_PenthouseRoof,16.94,46.22,9.82,17.42,20.7,21.0
Roof_RB_L6_b00,IfcRoof,RB,6,0,,Roof,Concrete,RB_L6_Roof,13.28,16.94,7.52,17.42,16.2,16.5
Roof_RB_L6_b01,IfcRoof,RB,6,1,,Roof,Concrete,RB_L6_Roof,16.94,20.6,7.52,17.42,16.2,16.5
Roof_RB_L6_b03,IfcRoof,RB,6,3,,Roof,Concrete,RB_L6_Roof,24.26,27.92,7.52,17.42,16.2,16.5
Roof_RB_L6_b04,IfcRoof,RB,6,4,,Roof,Concrete,RB_L6_Roof,27.92,31.58,7.52,17.42,16.2,16.5
Roof_RB_L6_b05,IfcRoof,RB,6,5,,Roof,Concrete,RB_L6_Roof,31.58,35.24,7.52,17.42,16.2,16.5
Roof_RB_L6_b06,IfcRoof,RB,6,6,,Roof,Concrete,RB_L6_Roof,35.24,38.9,7.52,17.42,16.2,16.5
Roof_RB_L6_b07,IfcRoof,RB,6,7,,Roof,Concrete,RB_L6_Roof,38.9,42.56,7.52,17.42,16.2,16.5
Roof_RB_L6_b08,IfcRoof,RB,6,8,,Roof,Concrete,RB_L6_Roof,42.56,46.22,7.52,17.42,16.2,16.5
Roof_RB_L6_b09,IfcRoof,RB,6,9,,Roof,Concrete,RB_L6_Roof,46.22,49.88,7.52,17.42,16.2,16.5
Roof_RB_L6_b10,IfcRoof,RB,6,10,,Roof,Concrete,RB_L6_Roof,49.88,53.54,7.52,17.42,16.2,16.5
Roof_RB_L6_b11,IfcRoof,RB,6,11,,Roof,Concrete,RB_L6_Roof,53.54,57.2,7.52,17.42,16.2,16.5
Roof_RB_L6_b12,IfcRoof,RB,6,12,,Roof,Concrete,RB_L6_Roof,57.2,60.86,7.52,17.42,16.2,16.5
Roof_RB_L6_b13,IfcRoof,RB,6,13,,Roof,Concrete,RB_L6_Roof,60.86,64.52,7.52,17.42,16.2,16.5
Roof_RB_L6_b14,IfcRoof,RB,6,14,,Roof,Concrete,RB_L6_Roof,64.52,68.18,7.52,17.42,16.2,16.5
Roof_RB_L6_b15,IfcRoof,RB,6,15,,Roof,Concrete,RB_L6_Roof,68.18,71.84,7.52,17.42,16.2,16.5
Roof_RB_L6_b16,IfcRoof,RB,6,16,,Roof,Concrete,RB_L6_Roof,71.84,75.5,7.52,17.42,16.2,16.5
Roof_RB_L6_b17,IfcRoof,RB,6,17,,Roof,Concrete,RB_L6_Roof,75.5,79.16,7.52,17.42,16.2,16.5
Roof_RB_L6_b18,IfcRoof,RB,6,18,,Roof,Concrete,RB_L6_Roof,79.16,82.82,7.52,17.42,16.2,16.5
Roof_RB_L6_b20,IfcRoof,RB,6,20,,Roof,Concrete,RB_L6_Roof,86.48,90.14,7.52,17.42,16.2,16.5
Roof_RB_L6_b21,IfcRoof,RB,6,21,,Roof,Concrete,RB_L6_Roof,90.14,93.8,7.52,17.42,16.2,16.5
Roof_RB_L7_CoreE,IfcRoof,RB,7,19,CoreE,Roof,Concrete,RB_L7_PenthouseRoof,82.67,86.63,12.31,17.42,20.7,21.0
Slab_BR_L1,IfcSlab,BR,1,0,Bridge,Slab,Concrete,BR_Bridge,13.28,15.62,-2.08,9.82,2.2,2.5
Slab_CB_L1,IfcSlab,CB,1,-1,Hall,Slab,Concrete,CB_L1_First,6.07,16.72,-16.04,-5.48,2.2,2.5
Slab_CB_L2,IfcSlab,CB,2,-1,Hall,Slab,Concrete,CB_L2_Hall,6.07,16.72,-16.04,-5.48,5.0,5.3
Slab_CB_L3_Gallery,IfcSlab,CB,3,-1,Gallery,Slab,Concrete,CB_L3_Gallery,6.07,16.72,-16.04,-8.52,8.1,8.4
Slab_RB_L1_b00,IfcSlab,RB,1,0,,Slab,Concrete,RB_L1_First,13.28,16.94,9.82,17.42,2.2,2.5
Slab_RB_L1_b01,IfcSlab,RB,1,1,,Slab,Concrete,RB_L1_First,16.94,20.6,9.82,17.42,2.2,2.5
Slab_RB_L1_b02,IfcSlab,RB,1,2,CoreW,Slab,Concrete,RB_L1_First,20.6,24.26,9.82,13.7,2.2,2.5
Slab_RB_L1_b03,IfcSlab,RB,1,3,,Slab,Concrete,RB_L1_First,24.26,27.92,9.82,17.42,2.2,2.5
Slab_RB_L1_b04,IfcSlab,RB,1,4,,Slab,Concrete,RB_L1_First,27.92,31.58,9.82,17.42,2.2,2.5
Slab_RB_L1_b05,IfcSlab,RB,1,5,,Slab,Concrete,RB_L1_First,31.58,35.24,9.82,17.42,2.2,2.5
Slab_RB_L1_b06,IfcSlab,RB,1,6,,Slab,Concrete,RB_L1_First,35.24,38.9,9.82,17.42,2.2,2.5
Slab_RB_L1_b07,IfcSlab,RB,1,7,,Slab,Concrete,RB_L1_First,38.9,42.56,9.82,17.42,2.2,2.5
Slab_RB_L1_b08,IfcSlab,RB,1,8,,Slab,Concrete,RB_L1_First,42.56,46.22,9.82,17.42,2.2,2.5
Slab_RB_L1_b09,IfcSlab,RB,1,9,,Slab,Concrete,RB_L1_First,46.22,49.88,9.82,17.42,2.2,2.5
Slab_RB_L1_b10,IfcSlab,RB,1,10,,Slab,Concrete,RB_L1_First,49.88,53.54,9.82,17.42,2.2,2.5
Slab_RB_L1_b11,IfcSlab,RB,1,11,,Slab,Concrete,RB_L1_First,53.54,57.2,9.82,17.42,2.2,2.5
Slab_RB_L1_b12,IfcSlab,RB,1,12,,Slab,Concrete,RB_L1_First,57.2,60.86,9.82,17.42,2.2,2.5
Slab_RB_L1_b13,IfcSlab,RB,1,13,,Slab,Concrete,RB_L1_First,60.86,64.52,9.82,17.42,2.2,2.5
Slab_RB_L1_b14,IfcSlab,RB,1,14,,Slab,Concrete,RB_L1_First,64.52,68.18,9.82,17.42,2.2,2.5
Slab_RB_L1_b15,IfcSlab,RB,1,15,,Slab,Concrete,RB_L1_First,68.18,71.84,9.82,17.42,2.2,2.5
Slab_RB_L1_b16,IfcSlab,RB,1,16,,Slab,Concrete,RB_L1_First,71.84,75.5,9.82,17.42,2.2,2.5
Slab_RB_L1_b17,IfcSlab,RB,1,17,,Slab,Concrete,RB_L1_First,75.5,79.16,9.82,17.42,2.2,2.5
Slab_RB_L1_b18,IfcSlab,RB,1,18,,Slab,Concrete,RB_L1_First,79.16,82.82,9.82,17.42,2.2,2.5
Slab_RB_L1_b19,IfcSlab,RB,1,19,CoreE,Slab,Concrete,RB_L1_First,82.82,86.48,9.82,13.7,2.2,2.5
Slab_RB_L1_b20,IfcSlab,RB,1,20,,Slab,Concrete,RB_L1_First,86.48,90.14,9.82,17.42,2.2,2.5
Slab_RB_L1_b21,IfcSlab,RB,1,21,,Slab,Concrete,RB_L1_First,90.14,93.8,9.82,17.42,2.2,2.5
Slab_RB_L2_b00,IfcSlab,RB,2,0,,Slab,Concrete,RB_L2_Second,13.28,16.94,7.52,17.42,5.0,5.3
Slab_RB_L2_b01,IfcSlab,RB,2,1,,Slab,Concrete,RB_L2_Second,16.94,20.6,7.52,17.42,5.0,5.3
Slab_RB_L2_b02,IfcSlab,RB,2,2,CoreW,Slab,Concrete,RB_L2_Second,20.6,24.26,7.52,13.7,5.0,5.3
Slab_RB_L2_b03,IfcSlab,RB,2,3,,Slab,Concrete,RB_L2_Second,24.26,27.92,7.52,17.42,5.0,5.3
Slab_RB_L2_b04,IfcSlab,RB,2,4,,Slab,Concrete,RB_L2_Second,27.92,31.58,7.52,17.42,5.0,5.3
Slab_RB_L2_b05,IfcSlab,RB,2,5,,Slab,Concrete,RB_L2_Second,31.58,35.24,7.52,17.42,5.0,5.3
Slab_RB_L2_b06,IfcSlab,RB,2,6,,Slab,Concrete,RB_L2_Second,35.24,38.9,7.52,17.42,5.0,5.3
Slab_RB_L2_b07,IfcSlab,RB,2,7,,Slab,Concrete,RB_L2_Second,38.9,42.56,7.52,17.42,5.0,5.3
Slab_RB_L2_b08,IfcSlab,RB,2,8,,Slab,Concrete,RB_L2_Second,42.56,46.22,7.52,17.42,5.0,5.3
Slab_RB_L2_b09,IfcSlab,RB,2,9,,Slab,Concrete,RB_L2_Second,46.22,49.88,7.52,17.42,5.0,5.3
Slab_RB_L2_b10,IfcSlab,RB,2,10,,Slab,Concrete,RB_L2_Second,49.88,53.54,7.52,17.42,5.0,5.3
Slab_RB_L2_b11,IfcSlab,RB,2,11,,Slab,Concrete,RB_L2_Second,53.54,57.2,7.52,17.42,5.0,5.3
Slab_RB_L2_b12,IfcSlab,RB,2,12,,Slab,Concrete,RB_L2_Second,57.2,60.86,7.52,17.42,5.0,5.3
Slab_RB_L2_b13,IfcSlab,RB,2,13,,Slab,Concrete,RB_L2_Second,60.86,64.52,7.52,17.42,5.0,5.3
Slab_RB_L2_b14,IfcSlab,RB,2,14,,Slab,Concrete,RB_L2_Second,64.52,68.18,7.52,17.42,5.0,5.3
Slab_RB_L2_b15,IfcSlab,RB,2,15,,Slab,Concrete,RB_L2_Second,68.18,71.84,7.52,17.42,5.0,5.3
Slab_RB_L2_b16,IfcSlab,RB,2,16,,Slab,Concrete,RB_L2_Second,71.84,75.5,7.52,17.42,5.0,5.3
Slab_RB_L2_b17,IfcSlab,RB,2,17,,Slab,Concrete,RB_L2_Second,75.5,79.16,7.52,17.42,5.0,5.3
Slab_RB_L2_b18,IfcSlab,RB,2,18,,Slab,Concrete,RB_L2_Second,79.16,82.82,7.52,17.42,5.0,5.3
Slab_RB_L2_b19,IfcSlab,RB,2,19,CoreE,Slab,Concrete,RB_L2_Second,82.82,86.48,7.52,13.7,5.0,5.3
Slab_RB_L2_b20,IfcSlab,RB,2,20,,Slab,Concrete,RB_L2_Second,86.48,90.14,7.52,17.42,5.0,5.3
Slab_RB_L2_b21,IfcSlab,RB,2,21,,Slab,Concrete,RB_L2_Second,90.14,93.8,7.52,17.42,5.0,5.3
Slab_RB_L3_b00,IfcSlab,RB,3,0,,Slab,Concrete,RB_L3_Third,13.28,16.94,7.52,17.42,7.8,8.1
Slab_RB_L3_b01,IfcSlab,RB,3,1,,Slab,Concrete,RB_L3_Third,16.94,20.6,7.52,17.42,7.8,8.1
Slab_RB_L3_b02,IfcSlab,RB,3,2,CoreW,Slab,Concrete,RB_L3_Third,20.6,24.26,7.52,13.7,7.8,8.1
Slab_RB_L3_b03,IfcSlab,RB,3,3,,Slab,Concrete,RB_L3_Third,24.26,27.92,7.52,17.42,7.8,8.1
Slab_RB_L3_b04,IfcSlab,RB,3,4,,Slab,Concrete,RB_L3_Third,27.92,31.58,7.52,17.42,7.8,8.1
Slab_RB_L3_b05,IfcSlab,RB,3,5,,Slab,Concrete,RB_L3_Third,31.58,35.24,7.52,17.42,7.8,8.1
Slab_RB_L3_b06,IfcSlab,RB,3,6,,Slab,Concrete,RB_L3_Third,35.24,38.9,7.52,17.42,7.8,8.1
Slab_RB_L3_b07,IfcSlab,RB,3,7,,Slab,Concrete,RB_L3_Third,38.9,42.56,7.52,17.42,7.8,8.1
Slab_RB_L3_b08,IfcSlab,RB,3,8,,Slab,Concrete,RB_L3_Third,42.56,46.22,7.52,17.42,7.8,8.1
Slab_RB_L3_b09,IfcSlab,RB,3,9,,Slab,Concrete,RB_L3_Third,46.22,49.88,7.52,17.42,7.8,8.1
Slab_RB_L3_b10,IfcSlab,RB,3,10,,Slab,Concrete,RB_L3_Third,49.88,53.54,7.52,17.42,7.8,8.1
Slab_RB_L3_b11,IfcSlab,RB,3,11,,Slab,Concrete,RB_L3_Third,53.54,57.2,7.52,17.42,7.8,8.1
Slab_RB_L3_b12,IfcSlab,RB,3,12,,Slab,Concrete,RB_L3_Third,57.2,60.86,7.52,17.42,7.8,8.1
Slab_RB_L3_b13,IfcSlab,RB,3,13,,Slab,Concrete,RB_L3_Third,60.86,64.52,7.52,17.42,7.8,8.1
Slab_RB_L3_b14,IfcSlab,RB,3,14,,Slab,Concrete,RB_L3_Third,64.52,68.18,7.52,17.42,7.8,8.1
Slab_RB_L3_b15,IfcSlab,RB,3,15,,Slab,Concrete,RB_L3_Third,68.18,71.84,7.52,17.42,7.8,8.1
Slab_RB_L3_b16,IfcSlab,RB,3,16,,Slab,Concrete,RB_L3_Third,71.84,75.5,7.52,17.42,7.8,8.1
Slab_RB_L3_b17,IfcSlab,RB,3,17,,Slab,Concrete,RB_L3_Third,75.5,79.16,7.52,17.42,7.8,8.1
Slab_RB_L3_b18,IfcSlab,RB,3,18,,Slab,Concrete,RB_L3_Third,79.16,82.82,7.52,17.42,7.8,8.1
Slab_RB_L3_b19,IfcSlab,RB,3,19,CoreE,Slab,Concrete,RB_L3_Third,82.82,86.48,7.52,13.7,7.8,8.1
Slab_RB_L3_b20,IfcSlab,RB,3,20,,Slab,Concrete,RB_L3_Third,86.48,90.14,7.52,17.42,7.8,8.1
Slab_RB_L3_b21,IfcSlab,RB,3,21,,Slab,Concrete,RB_L3_Third,90.14,93.8,7.52,17.42,7.8,8.1
Slab_RB_L4_b00,IfcSlab,RB,4,0,,Slab,Concrete,RB_L4_Fourth,13.28,16.94,7.52,17.42,10.6,10.9
Slab_RB_L4_b01,IfcSlab,RB,4,1,,Slab,Concrete,RB_L4_Fourth,16.94,20.6,7.52,17.42,10.6,10.9
Slab_RB_L4_b02,IfcSlab,RB,4,2,CoreW,Slab,Concrete,RB_L4_Fourth,20.6,24.26,7.52,13.7,10.6,10.9
Slab_RB_L4_b03,IfcSlab,RB,4,3,,Slab,Concrete,RB_L4_Fourth,24.26,27.92,7.52,12.9,10.6,10.9
Slab_RB_L4_b04,IfcSlab,RB,4,4,,Slab,Concrete,RB_L4_Fourth,27.92,31.58,7.52,12.9,10.6,10.9
Slab_RB_L4_b05,IfcSlab,RB,4,5,,Slab,Concrete,RB_L4_Fourth,31.58,35.24,7.52,12.9,10.6,10.9
Slab_RB_L4_b06,IfcSlab,RB,4,6,,Slab,Concrete,RB_L4_Fourth,35.24,38.9,7.52,12.9,10.6,10.9
Slab_RB_L4_b07,IfcSlab,RB,4,7,,Slab,Concrete,RB_L4_Fourth,38.9,42.56,7.52,12.9,10.6,10.9
Slab_RB_L4_b08,IfcSlab,RB,4,8,,Slab,Concrete,RB_L4_Fourth,42.56,46.22,7.52,12.9,10.6,10.9
Slab_RB_L4_b09,IfcSlab,RB,4,9,,Slab,Concrete,RB_L4_Fourth,46.22,49.88,7.52,12.9,10.6,10.9
Slab_RB_L4_b10,IfcSlab,RB,4,10,,Slab,Concrete,RB_L4_Fourth,49.88,53.54,7.52,12.9,10.6,10.9
Slab_RB_L4_b11,IfcSlab,RB,4,11,,Slab,Concrete,RB_L4_Fourth,53.54,57.2,7.52,12.9,10.6,10.9
Slab_RB_L4_b12,IfcSlab,RB,4,12,,Slab,Concrete,RB_L4_Fourth,57.2,60.86,7.52,12.9,10.6,10.9
Slab_RB_L4_b13,IfcSlab,RB,4,13,,Slab,Concrete,RB_L4_Fourth,60.86,64.52,7.52,12.9,10.6,10.9
Slab_RB_L4_b14,IfcSlab,RB,4,14,,Slab,Concrete,RB_L4_Fourth,64.52,68.18,7.52,12.9,10.6,10.9
Slab_RB_L4_b15,IfcSlab,RB,4,15,,Slab,Concrete,RB_L4_Fourth,68.18,71.84,7.52,12.9,10.6,10.9
Slab_RB_L4_b16,IfcSlab,RB,4,16,,Slab,Concrete,RB_L4_Fourth,71.84,75.5,7.52,12.9,10.6,10.9
Slab_RB_L4_b17,IfcSlab,RB,4,17,,Slab,Concrete,RB_L4_Fourth,75.5,79.16,7.52,12.9,10.6,10.9
Slab_RB_L4_b18,IfcSlab,RB,4,18,,Slab,Concrete,RB_L4_Fourth,79.16,82.82,7.52,12.9,10.6,10.9
Slab_RB_L4_b19,IfcSlab,RB,4,19,CoreE,Slab,Concrete,RB_L4_Fourth,82.82,86.48,7.52,13.7,10.6,10.9
Slab_RB_L4_b20,IfcSlab,RB,4,20,,Slab,Concrete,RB_L4_Fourth,86.48,90.14,7.52,17.42,10.6,10.9
Slab_RB_L4_b21,IfcSlab,RB,4,21,,Slab,Concrete,RB_L4_Fourth,90.14,93.8,7.52,17.42,10.6,10.9
Slab_RB_L5_b00,IfcSlab,RB,5,0,,Slab,Concrete,RB_L5_Fifth,13.28,16.94,7.52,17.42,13.4,13.7
Slab_RB_L5_b01,IfcSlab,RB,5,1,,Slab,Concrete,RB_L5_Fifth,16.94,20.6,7.52,17.42,13.4,13.7
Slab_RB_L5_b02,IfcSlab,RB,5,2,CoreW,Slab,Concrete,RB_L5_Fifth,20.6,24.26,7.52,13.7,13.4,13.7
Slab_RB_L5_b03,IfcSlab,RB,5,3,,Slab,Concrete,RB_L5_Fifth,24.26,27.92,7.52,17.42,13.4,13.7
Slab_RB_L5_b04,IfcSlab,RB,5,4,,Slab,Concrete,RB_L5_Fifth,27.92,31.58,7.52,17.42,13.4,13.7
Slab_RB_L5_b05,IfcSlab,RB,5,5,,Slab,Concrete,RB_L5_Fifth,31.58,35.24,7.52,17.42,13.4,13.7
Slab_RB_L5_b06,IfcSlab,RB,5,6,,Slab,Concrete,RB_L5_Fifth,35.24,38.9,7.52,17.42,13.4,13.7
Slab_RB_L5_b07,IfcSlab,RB,5,7,,Slab,Concrete,RB_L5_Fifth,38.9,42.56,7.52,17.42,13.4,13.7
Slab_RB_L5_b08,IfcSlab,RB,5,8,,Slab,Concrete,RB_L5_Fifth,42.56,46.22,7.52,17.42,13.4,13.7
Slab_RB_L5_b09,IfcSlab,RB,5,9,,Slab,Concrete,RB_L5_Fifth,46.22,49.88,7.52,17.42,13.4,13.7
Slab_RB_L5_b10,IfcSlab,RB,5,10,,Slab,Concrete,RB_L5_Fifth,49.88,53.54,7.52,17.42,13.4,13.7
Slab_RB_L5_b11,IfcSlab,RB,5,11,,Slab,Concrete,RB_L5_Fifth,53.54,57.2,7.52,17.42,13.4,13.7
Slab_RB_L5_b12,IfcSlab,RB,5,12,,Slab,Concrete,RB_L5_Fifth,57.2,60.86,7.52,17.42,13.4,13.7
Slab_RB_L5_b13,IfcSlab,RB,5,13,,Slab,Concrete,RB_L5_Fifth,60.86,64.52,7.52,17.42,13.4,13.7
Slab_RB_L5_b14,IfcSlab,RB,5,14,,Slab,Concrete,RB_L5_Fifth,64.52,68.18,7.52,17.42,13.4,13.7
Slab_RB_L5_b15,IfcSlab,RB,5,15,,Slab,Concrete,RB_L5_Fifth,68.18,71.84,7.52,17.42,13.4,13.7
Slab_RB_L5_b16,IfcSlab,RB,5,16,,Slab,Concrete,RB_L5_Fifth,71.84,75.5,7.52,17.42,13.4,13.7
Slab_RB_L5_b17,IfcSlab,RB,5,17,,Slab,Concrete,RB_L5_Fifth,75.5,79.16,7.52,17.42,13.4,13.7
Slab_RB_L5_b18,IfcSlab,RB,5,18,,Slab,Concrete,RB_L5_Fifth,79.16,82.82,7.52,17.42,13.4,13.7
Slab_RB_L5_b19,IfcSlab,RB,5,19,CoreE,Slab,Concrete,RB_L5_Fifth,82.82,86.48,7.52,13.7,13.4,13.7
Slab_RB_L5_b20,IfcSlab,RB,5,20,,Slab,Concrete,RB_L5_Fifth,86.48,90.14,7.52,17.42,13.4,13.7
Slab_RB_L5_b21,IfcSlab,RB,5,21,,Slab,Concrete,RB_L5_Fifth,90.14,93.8,7.52,17.42,13.4,13.7
Slab_RB_L6_b02,IfcSlab,RB,6,2,CoreW,Slab,Concrete,RB_L6_Roof,20.6,24.26,7.52,13.7,16.2,16.5
Slab_RB_L6_b19,IfcSlab,RB,6,19,CoreE,Slab,Concrete,RB_L6_Roof,82.82,86.48,7.52,13.7,16.2,16.5
Slab_SITE_Ground,IfcSlab,SITE,0,-1,Site,Slab,Ground,Site,-2.0,102.0,-24.0,26.0,-0.3,0.0
Space_3-4-5_apartment,IfcSpace,RB,,,,AbstractGrammarCell,,Spaces_AbstractGrammar,-3.948,-0.288,-5.395,4.501,-6.827,1.593
Space_3-4-5_apartment.001,IfcSpace,RB,,,,AbstractGrammarCell,,Spaces_AbstractGrammar,-3.948,-0.288,-5.395,4.501,-6.827,1.593
Space_3-4-5_apartment.002,IfcSpace,RB,,,,AbstractGrammarCell,,Spaces_AbstractGrammar,-3.948,-0.288,-5.395,4.501,-6.827,1.593
Space_3-4-5_apartment.003,IfcSpace,RB,,,,AbstractGrammarCell,,Spaces_AbstractGrammar,-3.948,-0.288,-5.395,4.501,-6.827,1.593
Space_3-4-5_apartment.004,IfcSpace,RB,,,,AbstractGrammarCell,,Spaces_AbstractGrammar,-3.948,-0.288,-5.395,4.501,-6.827,1.593
Space_3-4-5_apartment.005,IfcSpace,RB,,,,AbstractGrammarCell,,Spaces_AbstractGrammar,-3.948,-0.288,-5.395,4.501,-6.827,1.593
Space_3-4-5_apartment.006,IfcSpace,RB,,,,AbstractGrammarCell,,Spaces_AbstractGrammar,-3.948,-0.288,-5.395,4.501,-6.827,1.593
Space_3-4-5_apartment.007,IfcSpace,RB,,,,AbstractGrammarCell,,Spaces_AbstractGrammar,-3.948,-0.288,-5.395,4.501,-6.827,1.593
Space_3-4-5_apartment.008,IfcSpace,RB,,,,AbstractGrammarCell,,Spaces_AbstractGrammar,-3.948,-0.288,-5.395,4.501,-6.827,1.593
Space_3-4-5_apartment.009,IfcSpace,RB,,,,AbstractGrammarCell,,Spaces_AbstractGrammar,-3.948,-0.288,-5.395,4.501,-6.827,1.593
Space_3-4-5_apartment.010,IfcSpace,RB,,,,AbstractGrammarCell,,Spaces_AbstractGrammar,-3.948,-0.288,-5.395,4.501,-6.827,1.593
Space_3-4-5_apartment.011,IfcSpace,RB,,,,AbstractGrammarCell,,Spaces_AbstractGrammar,-3.948,-0.288,-5.395,4.501,-6.827,1.593
Space_3-4-5_apartment.012,IfcSpace,RB,,,,AbstractGrammarCell,,Spaces_AbstractGrammar,-3.948,-0.288,-5.395,4.501,-6.827,1.593
Space_3-4-5_apartment.013,IfcSpace,RB,,,,AbstractGrammarCell,,Spaces_AbstractGrammar,-3.948,-0.288,-5.395,4.501,-6.827,1.593
Space_3-4-5_apartment.014,IfcSpace,RB,,,,AbstractGrammarCell,,Spaces_AbstractGrammar,-3.948,-0.288,-5.395,4.501,-6.827,1.593
Space_3-4-5_apartment.015,IfcSpace,RB,,,,AbstractGrammarCell,,Spaces_AbstractGrammar,-3.948,-0.288,-5.395,4.501,-6.827,1.593
Space_Apartment_Second_floor_edge,IfcSpace,RB,,,,AbstractGrammarCell,,Spaces_AbstractGrammar,-6.32,1.0,-9.734,0.161,-2.8,0.0
Space_Apartment_Second_floor_edge.001,IfcSpace,RB,,,,AbstractGrammarCell,,Spaces_AbstractGrammar,-6.32,1.0,-9.734,0.161,-2.8,0.0
Space_Apartment_Second_floor_edge.002,IfcSpace,RB,,,,AbstractGrammarCell,,Spaces_AbstractGrammar,-6.32,1.0,-9.734,0.161,-2.8,0.0
Space_Apartment_Second_floor_edge.003,IfcSpace,RB,,,,AbstractGrammarCell,,Spaces_AbstractGrammar,-6.32,1.0,-9.734,0.161,-2.8,0.0
Space_Apartment_Second_floor_edge.004,IfcSpace,RB,,,,AbstractGrammarCell,,Spaces_AbstractGrammar,-6.32,1.0,-9.734,0.161,-2.8,0.0
Space_Apartment_Second_floor_edge.005,IfcSpace,RB,,,,AbstractGrammarCell,,Spaces_AbstractGrammar,-6.32,1.0,-9.734,0.161,-2.8,0.0
Space_Apartment_Second_floor_edge.006,IfcSpace,RB,,,,AbstractGrammarCell,,Spaces_AbstractGrammar,-6.32,1.0,-9.734,0.161,-2.8,0.0
Space_Apartment_Second_floor_edge.007,IfcSpace,RB,,,,AbstractGrammarCell,,Spaces_AbstractGrammar,-6.32,1.0,-9.734,0.161,-2.8,0.0
Space_Auxiliary_corridor_second_floor.001,IfcSpace,RB,,,,AbstractGrammarCell,,Spaces_AbstractGrammar,-1.0,2.66,-4.001,0.893,0.0,2.8
Space_Auxiliary_corridor_second_floor.002,IfcSpace,RB,,,,AbstractGrammarCell,,Spaces_AbstractGrammar,-1.0,2.66,-4.001,0.893,0.0,2.8
Space_Auxiliary_corridor_second_floor.003,IfcSpace,RB,,,,AbstractGrammarCell,,Spaces_AbstractGrammar,-1.0,2.66,-4.001,0.893,0.0,2.8
Space_Auxiliary_corridor_second_floor.004,IfcSpace,RB,,,,AbstractGrammarCell,,Spaces_AbstractGrammar,-1.0,2.66,-4.001,0.893,0.0,2.8
Space_Auxiliary_corridor_second_floor.005,IfcSpace,RB,,,,AbstractGrammarCell,,Spaces_AbstractGrammar,-1.0,2.66,-4.001,0.893,0.0,2.8
Space_Auxiliary_corridor_second_floor.006,IfcSpace,RB,,,,AbstractGrammarCell,,Spaces_AbstractGrammar,-1.0,2.66,-4.001,0.893,0.0,2.8
Space_Auxiliary_corridor_second_floor.007,IfcSpace,RB,,,,AbstractGrammarCell,,Spaces_AbstractGrammar,-1.0,2.66,-4.001,0.893,0.0,2.8
Space_Auxiliary_corridor_second_floor.008,IfcSpace,RB,,,,AbstractGrammarCell,,Spaces_AbstractGrammar,-1.0,2.66,-4.001,0.893,0.0,2.8
Space_Condenser_First_floor_main_space,IfcSpace,CB,,,,AbstractGrammarCell,,Spaces_AbstractGrammar,-36.939,-26.289,-12.934,-2.374,-14.144,-11.344
Space_Condenser_Second_floor_main_space.001,IfcSpace,CB,,,,AbstractGrammarCell,,Spaces_AbstractGrammar,-36.939,-26.289,-12.934,-2.374,-14.144,-8.544
Space_Condenser_Slab,IfcSpace,CB,,,,AbstractGrammarCell,,Spaces_AbstractGrammar,-1.0,9.65,-9.56,1.0,-0.0,0.0
Space_Condenser_main_space,IfcSpace,CB,,,,AbstractGrammarCell,,Spaces_AbstractGrammar,-1.0,6.95,-12.415,-1.855,0.0,2.5
Space_Condenser_staircase,IfcSpace,CB,,,,AbstractGrammarCell,,Spaces_AbstractGrammar,-1.0,8.55,-5.375,-1.975,0.0,12.9
Space_Condenser_toilet_1,IfcSpace,CB,,,,AbstractGrammarCell,,Spaces_AbstractGrammar,-1.0,1.7,-5.375,-1.855,0.0,2.5
Space_Condenser_toilet_2,IfcSpace,CB,,,,AbstractGrammarCell,,Spaces_AbstractGrammar,-1.0,1.7,-5.375,-1.855,0.0,2.5
Space_Condenser_toilet_3,IfcSpace,CB,,,,AbstractGrammarCell,,Spaces_AbstractGrammar,-1.0,1.7,-5.375,-1.855,0.0,2.5
Space_Corridor_first_floor,IfcSpace,BR,,,,AbstractGrammarCell,,Spaces_AbstractGrammar,-32.061,41.139,-12.272,2.226,-1.4,1.4
Space_First_floor_balcony,IfcSpace,RB,,,,AbstractGrammarCell,,Spaces_AbstractGrammar,-77.176,1.0,-1.3,1.0,0.0,1.2
Space_Lobby_ground_floor,IfcSpace,RB,,,,AbstractGrammarCell,,Spaces_AbstractGrammar,-1.0,18.127,-5.375,1.0,0.0,2.5
Space_Staircase_North,IfcSpace,RB,,,,AbstractGrammarCell,,Spaces_AbstractGrammar,-1.0,2.66,-4.001,1.0,0.0,21.0
Space_Staircase_South,IfcSpace,RB,,,,AbstractGrammarCell,,Spaces_AbstractGrammar,-1.0,2.66,-4.001,1.0,0.0,21.0
Space_auxiliary_ground_f_entrance_curved,IfcSpace,RB,,,,AbstractGrammarCell,,Spaces_AbstractGrammar,-1.83,1.83,-2.617,0.0,0.0,2.5
Space_auxiliary_ground_floor.001,IfcSpace,RB,,,,AbstractGrammarCell,,Spaces_AbstractGrammar,-1.0,2.66,-5.375,-2.84,0.0,2.5
Space_mesonete_f_1,IfcSpace,RB,,,,AbstractGrammarCell,,Spaces_AbstractGrammar,-4.66,2.66,-4.001,1.0,0.0,2.8
Space_mesonete_f_1.001,IfcSpace,RB,,,,AbstractGrammarCell,,Spaces_AbstractGrammar,-4.66,2.66,-6.595,1.0,0.0,2.8
Space_mesonete_f_1_2,IfcSpace,RB,,,,AbstractGrammarCell,,Spaces_AbstractGrammar,-4.66,2.66,-13.897,-4.001,0.0,5.6
Space_mesonete_f_1_2.001,IfcSpace,RB,,,,AbstractGrammarCell,,Spaces_AbstractGrammar,-4.66,2.66,-13.897,-4.001,0.0,5.6
Space_mesonete_f_1_2.002,IfcSpace,RB,,,,AbstractGrammarCell,,Spaces_AbstractGrammar,-4.66,2.66,-13.897,-4.001,0.0,5.6
Space_mesonete_f_1_2.003,IfcSpace,RB,,,,AbstractGrammarCell,,Spaces_AbstractGrammar,-4.66,2.66,-13.897,-4.001,0.0,5.6
Space_mesonete_f_1_2.004,IfcSpace,RB,,,,AbstractGrammarCell,,Spaces_AbstractGrammar,-4.66,2.66,-13.897,-4.001,0.0,5.6
Space_mesonete_f_1_2.005,IfcSpace,RB,,,,AbstractGrammarCell,,Spaces_AbstractGrammar,-4.66,2.66,-13.897,-4.001,0.0,5.6
Space_mesonete_f_1_2.006,IfcSpace,RB,,,,AbstractGrammarCell,,Spaces_AbstractGrammar,-4.66,2.66,-13.897,-4.001,0.0,5.6
Space_mesonete_f_1_2.007,IfcSpace,RB,,,,AbstractGrammarCell,,Spaces_AbstractGrammar,-4.66,2.66,-13.897,-4.001,0.0,5.6
Space_mesonete_g_f,IfcSpace,RB,,,,AbstractGrammarCell,,Spaces_AbstractGrammar,-1.0,2.66,-5.375,1.0,0.0,2.5
Stair_CB_Core_L0-L1_A,IfcStair,CB,0,-1,CoreCB,CoreStair,Concrete_Structure,CB_L0_Ground,8.5,12.5,-5.38,-3.98,0.0,1.25
Stair_CB_Core_L0-L1_B,IfcStair,CB,0,-1,CoreCB,CoreStair,Concrete_Structure,CB_L0_Ground,8.5,12.5,-3.78,-2.38,1.25,2.5
Stair_CB_Core_L0-L1_MidLanding,IfcStair,CB,0,-1,CoreCB,CoreStairLanding,Concrete_Structure,CB_L0_Ground,6.37,8.5,-5.38,-2.38,0.95,1.25
Stair_CB_Core_L1-L2_A,IfcStair,CB,1,-1,CoreCB,CoreStair,Concrete_Structure,CB_L1_First,8.5,12.5,-5.38,-3.98,2.5,3.9
Stair_CB_Core_L1-L2_B,IfcStair,CB,1,-1,CoreCB,CoreStair,Concrete_Structure,CB_L1_First,8.5,12.5,-3.78,-2.38,3.9,5.3
Stair_CB_Core_L1-L2_MidLanding,IfcStair,CB,1,-1,CoreCB,CoreStairLanding,Concrete_Structure,CB_L1_First,6.37,8.5,-5.38,-2.38,3.6,3.9
Stair_CB_Core_L1_Landing,IfcStair,CB,1,-1,CoreCB,CoreStairLanding,Concrete_Structure,CB_L1_First,12.5,15.32,-5.38,-2.38,2.2,2.5
Stair_CB_Core_L2-L3_A,IfcStair,CB,2,-1,CoreCB,CoreStair,Concrete_Structure,CB_L2_Hall,8.5,12.5,-5.38,-3.98,5.3,6.85
Stair_CB_Core_L2-L3_B,IfcStair,CB,2,-1,CoreCB,CoreStair,Concrete_Structure,CB_L2_Hall,8.5,12.5,-3.78,-2.38,6.85,8.4
Stair_CB_Core_L2-L3_MidLanding,IfcStair,CB,2,-1,CoreCB,CoreStairLanding,Concrete_Structure,CB_L2_Hall,6.37,8.5,-5.38,-2.38,6.55,6.85
Stair_CB_Core_L2_Landing,IfcStair,CB,2,-1,CoreCB,CoreStairLanding,Concrete_Structure,CB_L2_Hall,12.5,15.32,-5.38,-2.38,5.0,5.3
Stair_CB_Core_L3-L4_A,IfcStair,CB,3,-1,CoreCB,CoreStair,Concrete_Structure,CB_L3_Gallery,8.5,12.5,-5.38,-3.98,8.4,9.65
Stair_CB_Core_L3-L4_B,IfcStair,CB,3,-1,CoreCB,CoreStair,Concrete_Structure,CB_L3_Gallery,8.5,12.5,-3.78,-2.38,9.65,10.9
Stair_CB_Core_L3-L4_MidLanding,IfcStair,CB,3,-1,CoreCB,CoreStairLanding,Concrete_Structure,CB_L3_Gallery,6.37,8.5,-5.38,-2.38,9.35,9.65
Stair_CB_Core_L3_Landing,IfcStair,CB,3,-1,CoreCB,CoreStairLanding,Concrete_Structure,CB_L3_Gallery,12.5,15.32,-5.38,-2.38,8.1,8.4
Stair_CB_Core_L4_Landing,IfcStair,CB,4,-1,CoreCB,CoreStairLanding,Concrete_Structure,CB_Roof,12.5,15.32,-5.38,-2.38,10.6,10.9
Stair_RB_CoreE_L0-L1_A,IfcStair,RB,0,19,CoreE,CoreStair,Concrete_Structure,RB_L0_Pilotis,84.68,86.18,13.7,16.0,0.0,1.25
Stair_RB_CoreE_L0-L1_B,IfcStair,RB,0,19,CoreE,CoreStair,Concrete_Structure,RB_L0_Pilotis,83.12,84.62,13.7,16.0,1.25,2.5
Stair_RB_CoreE_L0-L1_Landing,IfcStair,RB,0,19,CoreE,CoreStairLanding,Concrete_Structure,RB_L0_Pilotis,83.12,86.18,16.0,17.12,0.95,1.25
Stair_RB_CoreE_L1-L2_A,IfcStair,RB,1,19,CoreE,CoreStair,Concrete_Structure,RB_L1_First,84.68,86.18,13.7,16.0,2.5,3.9
Stair_RB_CoreE_L1-L2_B,IfcStair,RB,1,19,CoreE,CoreStair,Concrete_Structure,RB_L1_First,83.12,84.62,13.7,16.0,3.9,5.3
Stair_RB_CoreE_L1-L2_Landing,IfcStair,RB,1,19,CoreE,CoreStairLanding,Concrete_Structure,RB_L1_First,83.12,86.18,16.0,17.12,3.6,3.9
Stair_RB_CoreE_L2-L3_A,IfcStair,RB,2,19,CoreE,CoreStair,Concrete_Structure,RB_L2_Second,84.68,86.18,13.7,16.0,5.3,6.7
Stair_RB_CoreE_L2-L3_B,IfcStair,RB,2,19,CoreE,CoreStair,Concrete_Structure,RB_L2_Second,83.12,84.62,13.7,16.0,6.7,8.1
Stair_RB_CoreE_L2-L3_Landing,IfcStair,RB,2,19,CoreE,CoreStairLanding,Concrete_Structure,RB_L2_Second,83.12,86.18,16.0,17.12,6.4,6.7
Stair_RB_CoreE_L3-L4_A,IfcStair,RB,3,19,CoreE,CoreStair,Concrete_Structure,RB_L3_Third,84.68,86.18,13.7,16.0,8.1,9.5
Stair_RB_CoreE_L3-L4_B,IfcStair,RB,3,19,CoreE,CoreStair,Concrete_Structure,RB_L3_Third,83.12,84.62,13.7,16.0,9.5,10.9
Stair_RB_CoreE_L3-L4_Landing,IfcStair,RB,3,19,CoreE,CoreStairLanding,Concrete_Structure,RB_L3_Third,83.12,86.18,16.0,17.12,9.2,9.5
Stair_RB_CoreE_L4-L5_A,IfcStair,RB,4,19,CoreE,CoreStair,Concrete_Structure,RB_L4_Fourth,84.68,86.18,13.7,16.0,10.9,12.3
Stair_RB_CoreE_L4-L5_B,IfcStair,RB,4,19,CoreE,CoreStair,Concrete_Structure,RB_L4_Fourth,83.12,84.62,13.7,16.0,12.3,13.7
Stair_RB_CoreE_L4-L5_Landing,IfcStair,RB,4,19,CoreE,CoreStairLanding,Concrete_Structure,RB_L4_Fourth,83.12,86.18,16.0,17.12,12.0,12.3
Stair_RB_CoreE_L5-L6_A,IfcStair,RB,5,19,CoreE,CoreStair,Concrete_Structure,RB_L5_Fifth,84.68,86.18,13.7,16.0,13.7,15.1
Stair_RB_CoreE_L5-L6_B,IfcStair,RB,5,19,CoreE,CoreStair,Concrete_Structure,RB_L5_Fifth,83.12,84.62,13.7,16.0,15.1,16.5
Stair_RB_CoreE_L5-L6_Landing,IfcStair,RB,5,19,CoreE,CoreStairLanding,Concrete_Structure,RB_L5_Fifth,83.12,86.18,16.0,17.12,14.8,15.1
Stair_RB_CoreW_L0-L1_A,IfcStair,RB,0,2,CoreW,CoreStair,Concrete_Structure,RB_L0_Pilotis,22.46,23.96,13.7,16.0,0.0,1.25
Stair_RB_CoreW_L0-L1_B,IfcStair,RB,0,2,CoreW,CoreStair,Concrete_Structure,RB_L0_Pilotis,20.9,22.4,13.7,16.0,1.25,2.5
Stair_RB_CoreW_L0-L1_Landing,IfcStair,RB,0,2,CoreW,CoreStairLanding,Concrete_Structure,RB_L0_Pilotis,20.9,23.96,16.0,17.12,0.95,1.25
Stair_RB_CoreW_L1-L2_A,IfcStair,RB,1,2,CoreW,CoreStair,Concrete_Structure,RB_L1_First,22.46,23.96,13.7,16.0,2.5,3.9
Stair_RB_CoreW_L1-L2_B,IfcStair,RB,1,2,CoreW,CoreStair,Concrete_Structure,RB_L1_First,20.9,22.4,13.7,16.0,3.9,5.3
Stair_RB_CoreW_L1-L2_Landing,IfcStair,RB,1,2,CoreW,CoreStairLanding,Concrete_Structure,RB_L1_First,20.9,23.96,16.0,17.12,3.6,3.9
Stair_RB_CoreW_L2-L3_A,IfcStair,RB,2,2,CoreW,CoreStair,Concrete_Structure,RB_L2_Second,22.46,23.96,13.7,16.0,5.3,6.7
Stair_RB_CoreW_L2-L3_B,IfcStair,RB,2,2,CoreW,CoreStair,Concrete_Structure,RB_L2_Second,20.9,22.4,13.7,16.0,6.7,8.1
Stair_RB_CoreW_L2-L3_Landing,IfcStair,RB,2,2,CoreW,CoreStairLanding,Concrete_Structure,RB_L2_Second,20.9,23.96,16.0,17.12,6.4,6.7
Stair_RB_CoreW_L3-L4_A,IfcStair,RB,3,2,CoreW,CoreStair,Concrete_Structure,RB_L3_Third,22.46,23.96,13.7,16.0,8.1,9.5
Stair_RB_CoreW_L3-L4_B,IfcStair,RB,3,2,CoreW,CoreStair,Concrete_Structure,RB_L3_Third,20.9,22.4,13.7,16.0,9.5,10.9
Stair_RB_CoreW_L3-L4_Landing,IfcStair,RB,3,2,CoreW,CoreStairLanding,Concrete_Structure,RB_L3_Third,20.9,23.96,16.0,17.12,9.2,9.5
Stair_RB_CoreW_L4-L5_A,IfcStair,RB,4,2,CoreW,CoreStair,Concrete_Structure,RB_L4_Fourth,22.46,23.96,13.7,16.0,10.9,12.3
Stair_RB_CoreW_L4-L5_B,IfcStair,RB,4,2,CoreW,CoreStair,Concrete_Structure,RB_L4_Fourth,20.9,22.4,13.7,16.0,12.3,13.7
Stair_RB_CoreW_L4-L5_Landing,IfcStair,RB,4,2,CoreW,CoreStairLanding,Concrete_Structure,RB_L4_Fourth,20.9,23.96,16.0,17.12,12.0,12.3
Stair_RB_CoreW_L5-L6_A,IfcStair,RB,5,2,CoreW,CoreStair,Concrete_Structure,RB_L5_Fifth,22.46,23.96,13.7,16.0,13.7,15.1
Stair_RB_CoreW_L5-L6_B,IfcStair,RB,5,2,CoreW,CoreStair,Concrete_Structure,RB_L5_Fifth,20.9,22.4,13.7,16.0,15.1,16.5
Stair_RB_CoreW_L5-L6_Landing,IfcStair,RB,5,2,CoreW,CoreStairLanding,Concrete_Structure,RB_L5_Fifth,20.9,23.96,16.0,17.12,14.8,15.1
Stair_RB_F01_L3-L4,IfcStair,RB,3,3,F01,UnitStair,Concrete_Structure,RB_L3_Third,26.57,27.77,12.9,15.4,8.1,10.9
Stair_RB_F01_L4-L5,IfcStair,RB,4,3,F01,UnitStair,Concrete_Structure,RB_L4_Fourth,26.57,27.77,12.9,15.4,10.9,13.7
Stair_RB_F02_L3-L4,IfcStair,RB,3,4,F02,UnitStair,Concrete_Structure,RB_L3_Third,30.23,31.43,12.9,15.4,8.1,10.9
Stair_RB_F02_L4-L5,IfcStair,RB,4,4,F02,UnitStair,Concrete_Structure,RB_L4_Fourth,30.23,31.43,12.9,15.4,10.9,13.7
Stair_RB_F03_L3-L4,IfcStair,RB,3,5,F03,UnitStair,Concrete_Structure,RB_L3_Third,33.89,35.09,12.9,15.4,8.1,10.9
Stair_RB_F03_L4-L5,IfcStair,RB,4,5,F03,UnitStair,Concrete_Structure,RB_L4_Fourth,33.89,35.09,12.9,15.4,10.9,13.7
Stair_RB_F04_L3-L4,IfcStair,RB,3,6,F04,UnitStair,Concrete_Structure,RB_L3_Third,37.55,38.75,12.9,15.4,8.1,10.9
Stair_RB_F04_L4-L5,IfcStair,RB,4,6,F04,UnitStair,Concrete_Structure,RB_L4_Fourth,37.55,38.75,12.9,15.4,10.9,13.7
Stair_RB_F05_L3-L4,IfcStair,RB,3,7,F05,UnitStair,Concrete_Structure,RB_L3_Third,41.21,42.41,12.9,15.4,8.1,10.9
Stair_RB_F05_L4-L5,IfcStair,RB,4,7,F05,UnitStair,Concrete_Structure,RB_L4_Fourth,41.21,42.41,12.9,15.4,10.9,13.7
Stair_RB_F06_L3-L4,IfcStair,RB,3,8,F06,UnitStair,Concrete_Structure,RB_L3_Third,44.87,46.07,12.9,15.4,8.1,10.9
Stair_RB_F06_L4-L5,IfcStair,RB,4,8,F06,UnitStair,Concrete_Structure,RB_L4_Fourth,44.87,46.07,12.9,15.4,10.9,13.7
Stair_RB_F07_L3-L4,IfcStair,RB,3,9,F07,UnitStair,Concrete_Structure,RB_L3_Third,48.53,49.73,12.9,15.4,8.1,10.9
Stair_RB_F07_L4-L5,IfcStair,RB,4,9,F07,UnitStair,Concrete_Structure,RB_L4_Fourth,48.53,49.73,12.9,15.4,10.9,13.7
Stair_RB_F08_L3-L4,IfcStair,RB,3,10,F08,UnitStair,Concrete_Structure,RB_L3_Third,52.19,53.39,12.9,15.4,8.1,10.9
Stair_RB_F08_L4-L5,IfcStair,RB,4,10,F08,UnitStair,Concrete_Structure,RB_L4_Fourth,52.19,53.39,12.9,15.4,10.9,13.7
Stair_RB_F09_L3-L4,IfcStair,RB,3,11,F09,UnitStair,Concrete_Structure,RB_L3_Third,55.85,57.05,12.9,15.4,8.1,10.9
Stair_RB_F09_L4-L5,IfcStair,RB,4,11,F09,UnitStair,Concrete_Structure,RB_L4_Fourth,55.85,57.05,12.9,15.4,10.9,13.7
Stair_RB_F10_L3-L4,IfcStair,RB,3,12,F10,UnitStair,Concrete_Structure,RB_L3_Third,59.51,60.71,12.9,15.4,8.1,10.9
Stair_RB_F10_L4-L5,IfcStair,RB,4,12,F10,UnitStair,Concrete_Structure,RB_L4_Fourth,59.51,60.71,12.9,15.4,10.9,13.7
Stair_RB_F11_L3-L4,IfcStair,RB,3,13,F11,UnitStair,Concrete_Structure,RB_L3_Third,63.17,64.37,12.9,15.4,8.1,10.9
Stair_RB_F11_L4-L5,IfcStair,RB,4,13,F11,UnitStair,Concrete_Structure,RB_L4_Fourth,63.17,64.37,12.9,15.4,10.9,13.7
Stair_RB_F12_L3-L4,IfcStair,RB,3,14,F12,UnitStair,Concrete_Structure,RB_L3_Third,66.83,68.03,12.9,15.4,8.1,10.9
Stair_RB_F12_L4-L5,IfcStair,RB,4,14,F12,UnitStair,Concrete_Structure,RB_L4_Fourth,66.83,68.03,12.9,15.4,10.9,13.7
Stair_RB_F13_L3-L4,IfcStair,RB,3,15,F13,UnitStair,Concrete_Structure,RB_L3_Third,70.49,71.69,12.9,15.4,8.1,10.9
Stair_RB_F13_L4-L5,IfcStair,RB,4,15,F13,UnitStair,Concrete_Structure,RB_L4_Fourth,70.49,71.69,12.9,15.4,10.9,13.7
Stair_RB_F14_L3-L4,IfcStair,RB,3,16,F14,UnitStair,Concrete_Structure,RB_L3_Third,74.15,75.35,12.9,15.4,8.1,10.9
Stair_RB_F14_L4-L5,IfcStair,RB,4,16,F14,UnitStair,Concrete_Structure,RB_L4_Fourth,74.15,75.35,12.9,15.4,10.9,13.7
Stair_RB_F15_L3-L4,IfcStair,RB,3,17,F15,UnitStair,Concrete_Structure,RB_L3_Third,77.81,79.01,12.9,15.4,8.1,10.9
Stair_RB_F15_L4-L5,IfcStair,RB,4,17,F15,UnitStair,Concrete_Structure,RB_L4_Fourth,77.81,79.01,12.9,15.4,10.9,13.7
Stair_RB_F16_L3-L4,IfcStair,RB,3,18,F16,UnitStair,Concrete_Structure,RB_L3_Third,81.47,82.67,12.9,15.4,8.1,10.9
Stair_RB_F16_L4-L5,IfcStair,RB,4,18,F16,UnitStair,Concrete_Structure,RB_L4_Fourth,81.47,82.67,12.9,15.4,10.9,13.7
Stair_RB_K01_L1-L2,IfcStair,RB,1,3,K01,UnitStair,Concrete_Structure,RB_L1_First,30.08,31.43,12.61,15.2,2.5,5.3
Stair_RB_K02_L1-L2,IfcStair,RB,1,5,K02,UnitStair,Concrete_Structure,RB_L1_First,31.73,33.08,12.61,15.2,2.5,5.3
Stair_RB_K03_L1-L2,IfcStair,RB,1,7,K03,UnitStair,Concrete_Structure,RB_L1_First,44.72,46.07,12.61,15.2,2.5,5.3
Stair_RB_K04_L1-L2,IfcStair,RB,1,9,K04,UnitStair,Concrete_Structure,RB_L1_First,46.37,47.72,12.61,15.2,2.5,5.3
Stair_RB_K05_L1-L2,IfcStair,RB,1,11,K05,UnitStair,Concrete_Structure,RB_L1_First,59.36,60.71,12.61,15.2,2.5,5.3
Stair_RB_K06_L1-L2,IfcStair,RB,1,13,K06,UnitStair,Concrete_Structure,RB_L1_First,61.01,62.36,12.61,15.2,2.5,5.3
Stair_RB_K07_L1-L2,IfcStair,RB,1,15,K07,UnitStair,Concrete_Structure,RB_L1_First,74.0,75.35,12.61,15.2,2.5,5.3
Stair_RB_K08_L1-L2,IfcStair,RB,1,17,K08,UnitStair,Concrete_Structure,RB_L1_First,75.65,77.0,12.61,15.2,2.5,5.3
Wall_BR_L1_E,IfcWall,BR,1,0,Bridge,Exterior_E,Concrete,BR_Bridge,15.32,15.62,-2.08,7.52,2.5,3.5
Wall_BR_L1_PassageE,IfcWall,BR,1,0,Bridge,Partition,Concrete,BR_Bridge,15.32,15.62,7.52,9.82,2.5,5.0
Wall_BR_L1_W,IfcWall,BR,1,0,Bridge,Exterior_W,Concrete,BR_Bridge,13.28,13.58,-2.08,7.52,2.5,3.5
Wall_CB_L0_Core_S,IfcWall,CB,0,-1,Hall/CoreCB,CoreWall,Concrete,CB_L0_Ground,6.37,15.32,-5.58,-5.38,0.0,2.2
Wall_CB_L0_E_Core,IfcWall,CB,0,-1,CoreCB,Exterior_E,Concrete,CB_L0_Ground,15.32,15.62,-5.78,-2.38,0.0,1.0
Wall_CB_L0_N_Core,IfcWall,CB,0,-1,CoreCB,Exterior_N,Concrete,CB_L0_Ground,6.37,15.62,-2.38,-2.08,0.0,1.0
Wall_CB_L0_N_HallE,IfcWall,CB,0,-1,Hall,Exterior_N,Concrete,CB_L0_Ground,15.62,16.42,-5.78,-5.48,0.0,1.0
Wall_CB_L0_S_Hall,IfcWall,CB,0,-1,Hall,Exterior_S,Concrete,CB_L0_Ground,6.37,16.42,-16.04,-15.74,0.0,1.0
Wall_CB_L0_WC_E,IfcWall,CB,0,-1,WC,Partition,Concrete,CB_L0_Ground,8.72,8.82,-15.74,-5.58,0.0,2.2
Wall_CB_L0_WC_mid1,IfcWall,CB,0,-1,WC,Partition,Concrete,CB_L0_Ground,6.37,8.72,-12.57,-12.47,0.0,2.2
Wall_CB_L0_WC_mid2,IfcWall,CB,0,-1,WC,Partition,Concrete,CB_L0_Ground,6.37,8.72,-9.05,-8.95,0.0,2.2
Wall_CB_L0_W_Core,IfcWall,CB,0,-1,CoreCB,Exterior_W,Concrete,CB_L0_Ground,6.07,6.37,-5.48,-2.08,0.0,1.0
Wall_CB_L0_W_Hall,IfcWall,CB,0,-1,Hall,Exterior_W,Concrete,CB_L0_Ground,6.07,6.37,-16.04,-5.48,0.0,1.0
Wall_CB_L1_Core_S,IfcWall,CB,1,-1,Hall/CoreCB,CoreWall,Concrete,CB_L1_First,6.37,15.32,-5.58,-5.38,2.5,5.0
Wall_CB_L1_E_Core,IfcWall,CB,1,-1,CoreCB,Exterior_E,Concrete,CB_L1_First,15.32,15.62,-5.78,-2.38,2.5,3.5
Wall_CB_L1_N_Core_s0,IfcWall,CB,1,-1,CoreCB,Exterior_N,Concrete,CB_L1_First,6.37,13.9,-2.38,-2.08,2.5,3.5
Wall_CB_L1_N_Core_s1,IfcWall,CB,1,-1,CoreCB,Exterior_N,Concrete,CB_L1_First,14.8,15.62,-2.38,-2.08,2.5,3.5
Wall_CB_L1_N_HallE,IfcWall,CB,1,-1,Hall,Exterior_N,Concrete,CB_L1_First,15.62,16.42,-5.78,-5.48,2.5,3.5
Wall_CB_L1_S_Hall,IfcWall,CB,1,-1,Hall,Exterior_S,Concrete,CB_L1_First,6.37,16.42,-16.04,-15.74,2.5,3.5
Wall_CB_L1_W_Core,IfcWall,CB,1,-1,CoreCB,Exterior_W,Concrete,CB_L1_First,6.07,6.37,-5.48,-2.08,2.5,3.5
Wall_CB_L1_W_Hall,IfcWall,CB,1,-1,Hall,Exterior_W,Concrete,CB_L1_First,6.07,6.37,-16.04,-5.48,2.5,3.5
Wall_CB_L2_Core_S,IfcWall,CB,2,-1,Hall/CoreCB,CoreWall,Concrete,CB_L2_Hall,6.37,15.32,-5.58,-5.38,5.3,8.1
Wall_CB_L2_E_Core,IfcWall,CB,2,-1,CoreCB,Exterior_E,Concrete,CB_L2_Hall,15.32,15.62,-5.78,-2.38,5.3,6.3
Wall_CB_L2_N_Core,IfcWall,CB,2,-1,CoreCB,Exterior_N,Concrete,CB_L2_Hall,6.37,15.62,-2.38,-2.08,5.3,6.3
Wall_CB_L2_N_HallE,IfcWall,CB,2,-1,Hall,Exterior_N,Concrete,CB_L2_Hall,15.62,16.42,-5.78,-5.48,5.3,6.3
Wall_CB_L2_S_Hall,IfcWall,CB,2,-1,Hall,Exterior_S,Concrete,CB_L2_Hall,6.37,16.42,-16.04,-15.74,5.3,6.3
Wall_CB_L2_W_Core,IfcWall,CB,2,-1,CoreCB,Exterior_W,Concrete,CB_L2_Hall,6.07,6.37,-5.48,-2.08,5.3,6.3
Wall_CB_L2_W_Hall,IfcWall,CB,2,-1,Hall,Exterior_W,Concrete,CB_L2_Hall,6.07,6.37,-16.04,-5.48,5.3,6.3
Wall_CB_L3_Core_S,IfcWall,CB,3,-1,Hall/CoreCB,CoreWall,Concrete,CB_L3_Gallery,6.37,15.32,-5.58,-5.38,8.4,10.6
Wall_CB_L3_E_Core,IfcWall,CB,3,-1,CoreCB,Exterior_E,Concrete,CB_L3_Gallery,15.32,15.62,-5.78,-2.38,8.4,9.4
Wall_CB_L3_N_Core,IfcWall,CB,3,-1,CoreCB,Exterior_N,Concrete,CB_L3_Gallery,6.37,15.62,-2.38,-2.08,8.4,9.4
Wall_CB_L3_N_HallE,IfcWall,CB,3,-1,Hall,Exterior_N,Concrete,CB_L3_Gallery,15.62,16.42,-5.78,-5.48,8.4,9.4
Wall_CB_L3_S_Hall,IfcWall,CB,3,-1,Hall,Exterior_S,Concrete,CB_L3_Gallery,6.37,16.42,-16.04,-15.74,8.4,9.4
Wall_CB_L3_W_Core,IfcWall,CB,3,-1,CoreCB,Exterior_W,Concrete,CB_L3_Gallery,6.07,6.37,-5.48,-2.08,8.4,9.4
Wall_CB_L3_W_Hall,IfcWall,CB,3,-1,Hall,Exterior_W,Concrete,CB_L3_Gallery,6.07,6.37,-16.04,-5.48,8.4,9.4
Wall_CB_L4_Core_S,IfcWall,CB,4,-1,CoreCB,CoreWall,Concrete,CB_Roof,6.37,15.32,-5.58,-5.38,10.9,13.2
Wall_CB_L4_E_Core,IfcWall,CB,4,-1,CoreCB,Exterior_E,Concrete,CB_Roof,15.32,15.62,-5.78,-2.38,10.9,11.9
Wall_CB_L4_N_Core,IfcWall,CB,4,-1,CoreCB,Exterior_N,Concrete,CB_Roof,6.37,15.62,-2.38,-2.08,10.9,11.9
Wall_CB_L4_W_Core,IfcWall,CB,4,-1,CoreCB,Exterior_W,Concrete,CB_Roof,6.07,6.37,-5.48,-2.08,10.9,11.9
Wall_PH_L6_CoreW_x20.60,IfcWall,PH,6,-1,CoreW,Core,Concrete,RB_L6_Roof,20.45,20.75,12.51,17.12,16.5,20.7
Wall_PH_L6_CoreW_x24.26,IfcWall,PH,6,-1,CoreW,Core,Concrete,RB_L6_Roof,24.11,24.41,12.51,17.12,16.5,20.7
Wall_PH_L6_E,IfcWall,PH,6,-1,Penthouse,Exterior_E,Concrete,RB_L6_Roof,45.92,46.22,9.82,17.42,16.5,17.5
Wall_PH_L6_N,IfcWall,PH,6,-1,Penthouse,Exterior_N,Concrete,RB_L6_Roof,17.24,45.92,17.12,17.42,16.5,17.5
Wall_PH_L6_S_s0,IfcWall,PH,6,-1,Penthouse,Exterior_S,Concrete,RB_L6_Roof,17.24,30.0,9.82,10.12,16.5,17.5
Wall_PH_L6_S_s1,IfcWall,PH,6,-1,Penthouse,Exterior_S,Concrete,RB_L6_Roof,30.9,45.92,9.82,10.12,16.5,17.5
Wall_PH_L6_W,IfcWall,PH,6,-1,Penthouse,Exterior_W,Concrete,RB_L6_Roof,16.94,17.24,9.82,17.42,16.5,17.5
Wall_RB_L0_CoreE_S,IfcWall,RB,0,19,CoreE,CoreWall,Concrete,RB_L0_Pilotis,83.12,86.18,12.31,12.51,0.0,2.2
Wall_RB_L0_CoreW_S,IfcWall,RB,0,2,CoreW,CoreWall,Concrete,RB_L0_Pilotis,20.9,23.96,12.31,12.51,0.0,2.2
Wall_RB_L0_Core_x20.60_s0,IfcWall,RB,0,2,Caretaker/Vestibule/CoreW,Core,Concrete,RB_L0_Pilotis,20.45,20.75,9.88,12.11,0.0,2.2
Wall_RB_L0_Core_x20.60_s1,IfcWall,RB,0,2,Caretaker/Vestibule/CoreW,Core,Concrete,RB_L0_Pilotis,20.45,20.75,12.71,15.9,0.0,2.2
Wall_RB_L0_Core_x20.60_s2,IfcWall,RB,0,2,Caretaker/Vestibule/CoreW,Core,Concrete,RB_L0_Pilotis,20.45,20.75,16.5,17.12,0.0,2.2
Wall_RB_L0_Core_x24.26_s0,IfcWall,RB,0,3,Vestibule/Lobby/CoreW,Core,Concrete,RB_L0_Pilotis,24.11,24.41,9.88,12.11,0.0,2.2
Wall_RB_L0_Core_x24.26_s1,IfcWall,RB,0,3,Vestibule/Lobby/CoreW,Core,Concrete,RB_L0_Pilotis,24.11,24.41,12.71,15.9,0.0,2.2
Wall_RB_L0_Core_x24.26_s2,IfcWall,RB,0,3,Vestibule/Lobby/CoreW,Core,Concrete,RB_L0_Pilotis,24.11,24.41,16.5,17.12,0.0,2.2
Wall_RB_L0_Core_x82.82_s0,IfcWall,RB,0,19,VestibuleE/CoreE,Core,Concrete,RB_L0_Pilotis,82.67,82.97,11.63,12.11,0.0,2.2
Wall_RB_L0_Core_x82.82_s1,IfcWall,RB,0,19,VestibuleE/CoreE,Core,Concrete,RB_L0_Pilotis,82.67,82.97,12.71,15.9,0.0,2.2
Wall_RB_L0_Core_x82.82_s2,IfcWall,RB,0,19,VestibuleE/CoreE,Core,Concrete,RB_L0_Pilotis,82.67,82.97,16.5,17.12,0.0,2.2
Wall_RB_L0_Core_x86.48_s0,IfcWall,RB,0,20,VestibuleE/CoreE,Core,Concrete,RB_L0_Pilotis,86.33,86.63,11.63,12.11,0.0,2.2
Wall_RB_L0_Core_x86.48_s1,IfcWall,RB,0,20,VestibuleE/CoreE,Core,Concrete,RB_L0_Pilotis,86.33,86.63,12.71,15.9,0.0,2.2
Wall_RB_L0_Core_x86.48_s2,IfcWall,RB,0,20,VestibuleE/CoreE,Core,Concrete,RB_L0_Pilotis,86.33,86.63,16.5,17.12,0.0,2.2
Wall_RB_L0_LobbyService_E,IfcWall,RB,0,7,LobbyService,Partition,Concrete,RB_L0_Pilotis,38.85,38.95,12.71,15.9,0.0,2.2
Wall_RB_L0_LobbyWC_E,IfcWall,RB,0,5,LobbyWC/LobbyService,Partition,Concrete,RB_L0_Pilotis,31.53,31.63,12.71,15.9,0.0,2.2
Wall_RB_L0_LobbyWC_W,IfcWall,RB,0,4,LobbyWC,Partition,Concrete,RB_L0_Pilotis,27.87,27.97,12.71,15.9,0.0,2.2
Wall_RB_L0_LobbyWC_mid,IfcWall,RB,0,4,LobbyWC,Partition,Concrete,RB_L0_Pilotis,29.7,29.8,12.51,15.9,0.0,2.2
Wall_RB_L0_Lobby_MidRow_s0,IfcWall,RB,0,4,Lobby,Partition,Concrete,RB_L0_Pilotis,28.22,31.28,12.31,12.51,0.0,2.2
Wall_RB_L0_Lobby_MidRow_s1,IfcWall,RB,0,4,Lobby,Partition,Concrete,RB_L0_Pilotis,31.88,34.94,12.31,12.51,0.0,2.2
Wall_RB_L0_Lobby_MidRow_s2,IfcWall,RB,0,4,Lobby,Partition,Concrete,RB_L0_Pilotis,35.54,38.6,12.31,12.51,0.0,2.2
Wall_RB_L0_N_Caretaker,IfcWall,RB,0,1,Caretaker,Exterior_N,Concrete,RB_L0_Pilotis,17.24,20.3,16.05,16.35,0.0,1.0
Wall_RB_L0_N_CoreE,IfcWall,RB,0,19,CoreE,Exterior_N,Concrete,RB_L0_Pilotis,82.97,86.33,17.12,17.42,0.0,1.0
Wall_RB_L0_N_CoreW,IfcWall,RB,0,2,CoreW,Exterior_N,Concrete,RB_L0_Pilotis,20.75,24.11,17.12,17.42,0.0,1.0
Wall_RB_L0_N_Lobby_s0,IfcWall,RB,0,3,Lobby,Exterior_N,Concrete,RB_L0_Pilotis,24.56,27.62,16.05,16.35,0.0,1.0
Wall_RB_L0_N_Lobby_s1,IfcWall,RB,0,3,Lobby,Exterior_N,Concrete,RB_L0_Pilotis,28.22,31.28,16.05,16.35,0.0,1.0
Wall_RB_L0_N_Lobby_s2,IfcWall,RB,0,3,Lobby,Exterior_N,Concrete,RB_L0_Pilotis,31.88,34.94,16.05,16.35,0.0,1.0
Wall_RB_L0_N_Lobby_s3,IfcWall,RB,0,3,Lobby,Exterior_N,Concrete,RB_L0_Pilotis,35.54,38.6,16.05,16.35,0.0,1.0
Wall_RB_L0_N_Lobby_s4,IfcWall,RB,0,3,Lobby,Exterior_N,Concrete,RB_L0_Pilotis,39.2,40.2,16.05,16.35,0.0,1.0
Wall_RB_L0_S_Caretaker,IfcWall,RB,0,1,Caretaker,Exterior_S,Concrete,RB_L0_Pilotis,17.24,20.45,9.88,10.18,0.0,1.0
Wall_RB_L0_S_Lobby_s0,IfcWall,RB,0,3,Lobby,Exterior_S,Concrete,RB_L0_Pilotis,24.41,25.5,9.88,10.18,0.0,1.0
Wall_RB_L0_S_Lobby_s1,IfcWall,RB,0,3,Lobby,Exterior_S,Concrete,RB_L0_Pilotis,26.4,40.2,9.88,10.18,0.0,1.0
Wall_RB_L0_S_Vestibule_s0,IfcWall,RB,0,2,Vestibule,Exterior_S,Concrete,RB_L0_Pilotis,20.75,21.9,9.88,10.18,0.0,1.0
Wall_RB_L0_S_Vestibule_s1,IfcWall,RB,0,2,Vestibule,Exterior_S,Concrete,RB_L0_Pilotis,22.8,24.11,9.88,10.18,0.0,1.0
Wall_RB_L0_W_Caretaker_s0,IfcWall,RB,0,1,Caretaker,Exterior_W,Concrete,RB_L0_Pilotis,16.94,17.24,9.88,12.11,0.0,1.0
Wall_RB_L0_W_Caretaker_s1,IfcWall,RB,0,1,Caretaker,Exterior_W,Concrete,RB_L0_Pilotis,16.94,17.24,12.71,15.9,0.0,1.0
Wall_RB_L1_Core_x20.60_s0,IfcWall,RB,1,2,EndW/CoreW,Core,Concrete,RB_L1_First,20.45,20.75,12.61,16.0,2.5,5.0
Wall_RB_L1_Core_x20.60_s1,IfcWall,RB,1,2,EndW/CoreW,Core,Concrete,RB_L1_First,20.45,20.75,16.4,17.42,2.5,5.0
Wall_RB_L1_Core_x86.48_s0,IfcWall,RB,1,20,CoreE/EndE,Core,Concrete,RB_L1_First,86.33,86.63,10.12,12.21,2.5,5.0
Wall_RB_L1_Core_x86.48_s1,IfcWall,RB,1,20,CoreE/EndE,Core,Concrete,RB_L1_First,86.33,86.63,12.61,16.0,2.5,5.0
Wall_RB_L1_Core_x86.48_s2,IfcWall,RB,1,20,CoreE/EndE,Core,Concrete,RB_L1_First,86.33,86.63,16.4,17.42,2.5,5.0
Wall_RB_L1_Corridor_b00,IfcWall,RB,1,0,EndW,CorridorWall,Concrete,RB_L1_First,13.88,16.79,12.31,12.51,2.5,5.0
Wall_RB_L1_Corridor_b01,IfcWall,RB,1,1,EndW,CorridorWall,Concrete,RB_L1_First,17.09,20.45,12.31,12.51,2.5,5.0
Wall_RB_L1_Corridor_b02,IfcWall,RB,1,2,CoreW,CorridorWall,Concrete,RB_L1_First,20.75,24.11,12.31,12.51,2.5,5.0
Wall_RB_L1_Corridor_b03,IfcWall,RB,1,3,K01,CorridorWall,Concrete,RB_L1_First,24.41,27.77,12.31,12.51,2.5,5.0
Wall_RB_L1_Corridor_b04,IfcWall,RB,1,4,K01,CorridorWall,Concrete,RB_L1_First,28.07,31.43,12.31,12.51,2.5,5.0
Wall_RB_L1_Corridor_b05,IfcWall,RB,1,5,K02,CorridorWall,Concrete,RB_L1_First,31.73,35.09,12.31,12.51,2.5,5.0
Wall_RB_L1_Corridor_b06,IfcWall,RB,1,6,K02,CorridorWall,Concrete,RB_L1_First,35.39,38.75,12.31,12.51,2.5,5.0
Wall_RB_L1_Corridor_b07,IfcWall,RB,1,7,K03,CorridorWall,Concrete,RB_L1_First,39.05,42.41,12.31,12.51,2.5,5.0
Wall_RB_L1_Corridor_b08,IfcWall,RB,1,8,K03,CorridorWall,Concrete,RB_L1_First,42.71,46.07,12.31,12.51,2.5,5.0
Wall_RB_L1_Corridor_b09,IfcWall,RB,1,9,K04,CorridorWall,Concrete,RB_L1_First,46.37,49.73,12.31,12.51,2.5,5.0
Wall_RB_L1_Corridor_b10,IfcWall,RB,1,10,K04,CorridorWall,Concrete,RB_L1_First,50.03,53.39,12.31,12.51,2.5,5.0
Wall_RB_L1_Corridor_b11,IfcWall,RB,1,11,K05,CorridorWall,Concrete,RB_L1_First,53.69,57.05,12.31,12.51,2.5,5.0
Wall_RB_L1_Corridor_b12,IfcWall,RB,1,12,K05,CorridorWall,Concrete,RB_L1_First,57.35,60.71,12.31,12.51,2.5,5.0
Wall_RB_L1_Corridor_b13,IfcWall,RB,1,13,K06,CorridorWall,Concrete,RB_L1_First,61.01,64.37,12.31,12.51,2.5,5.0
Wall_RB_L1_Corridor_b14,IfcWall,RB,1,14,K06,CorridorWall,Concrete,RB_L1_First,64.67,68.03,12.31,12.51,2.5,5.0
Wall_RB_L1_Corridor_b15,IfcWall,RB,1,15,K07,CorridorWall,Concrete,RB_L1_First,68.33,71.69,12.31,12.51,2.5,5.0
Wall_RB_L1_Corridor_b16,IfcWall,RB,1,16,K07,CorridorWall,Concrete,RB_L1_First,71.99,75.35,12.31,12.51,2.5,5.0
Wall_RB_L1_Corridor_b17,IfcWall,RB,1,17,K08,CorridorWall,Concrete,RB_L1_First,75.65,79.01,12.31,12.51,2.5,5.0
Wall_RB_L1_Corridor_b18,IfcWall,RB,1,18,K08,CorridorWall,Concrete,RB_L1_First,79.31,82.67,12.31,12.51,2.5,5.0
Wall_RB_L1_Corridor_b19,IfcWall,RB,1,19,CoreE,CorridorWall,Concrete,RB_L1_First,82.97,86.33,12.31,12.51,2.5,5.0
Wall_RB_L1_E_EndE,IfcWall,RB,1,21,EndE,Exterior_E,Concrete,RB_L1_First,93.5,93.8,9.82,17.42,2.5,3.5
Wall_RB_L1_N_CoreE,IfcWall,RB,1,19,CoreE,Exterior_N,Concrete,RB_L1_First,82.97,86.33,17.12,17.42,2.5,3.5
Wall_RB_L1_N_CoreW,IfcWall,RB,1,2,CoreW,Exterior_N,Concrete,RB_L1_First,20.75,24.11,17.12,17.42,2.5,3.5
Wall_RB_L1_N_EndE,IfcWall,RB,1,20,EndE,Exterior_N,Concrete,RB_L1_First,86.63,93.5,17.12,17.42,2.5,3.5
Wall_RB_L1_N_EndW,IfcWall,RB,1,0,EndW,Exterior_N,Concrete,RB_L1_First,13.58,20.45,17.12,17.42,2.5,3.5
Wall_RB_L1_N_K01,IfcWall,RB,1,3,K01,Exterior_N,Concrete,RB_L1_First,24.41,31.43,17.12,17.42,2.5,3.5
Wall_RB_L1_N_K02,IfcWall,RB,1,5,K02,Exterior_N,Concrete,RB_L1_First,31.73,38.75,17.12,17.42,2.5,3.5
Wall_RB_L1_N_K03,IfcWall,RB,1,7,K03,Exterior_N,Concrete,RB_L1_First,39.05,46.07,17.12,17.42,2.5,3.5
Wall_RB_L1_N_K04,IfcWall,RB,1,9,K04,Exterior_N,Concrete,RB_L1_First,46.37,53.39,17.12,17.42,2.5,3.5
Wall_RB_L1_N_K05,IfcWall,RB,1,11,K05,Exterior_N,Concrete,RB_L1_First,53.69,60.71,17.12,17.42,2.5,3.5
Wall_RB_L1_N_K06,IfcWall,RB,1,13,K06,Exterior_N,Concrete,RB_L1_First,61.01,68.03,17.12,17.42,2.5,3.5
Wall_RB_L1_N_K07,IfcWall,RB,1,15,K07,Exterior_N,Concrete,RB_L1_First,68.33,75.35,17.12,17.42,2.5,3.5
Wall_RB_L1_N_K08,IfcWall,RB,1,17,K08,Exterior_N,Concrete,RB_L1_First,75.65,82.67,17.12,17.42,2.5,3.5
Wall_RB_L1_Party_x24.26_s0,IfcWall,RB,1,3,K01,Party,Concrete,RB_L1_First,24.11,24.41,12.61,16.0,2.5,5.0
Wall_RB_L1_Party_x24.26_s1,IfcWall,RB,1,3,K01,Party,Concrete,RB_L1_First,24.11,24.41,16.4,17.42,2.5,5.0
Wall_RB_L1_Party_x31.58_s0,IfcWall,RB,1,5,K02,Party,Concrete,RB_L1_First,31.43,31.73,12.61,16.0,2.5,5.0
Wall_RB_L1_Party_x31.58_s1,IfcWall,RB,1,5,K02,Party,Concrete,RB_L1_First,31.43,31.73,16.4,17.42,2.5,5.0
Wall_RB_L1_Party_x38.90_s0,IfcWall,RB,1,7,K03,Party,Concrete,RB_L1_First,38.75,39.05,12.61,16.0,2.5,5.0
Wall_RB_L1_Party_x38.90_s1,IfcWall,RB,1,7,K03,Party,Concrete,RB_L1_First,38.75,39.05,16.4,17.42,2.5,5.0
Wall_RB_L1_Party_x46.22_s0,IfcWall,RB,1,9,K04,Party,Concrete,RB_L1_First,46.07,46.37,12.61,16.0,2.5,5.0
Wall_RB_L1_Party_x46.22_s1,IfcWall,RB,1,9,K04,Party,Concrete,RB_L1_First,46.07,46.37,16.4,17.42,2.5,5.0
Wall_RB_L1_Party_x53.54_s0,IfcWall,RB,1,11,K05,Party,Concrete,RB_L1_First,53.39,53.69,12.61,16.0,2.5,5.0
Wall_RB_L1_Party_x53.54_s1,IfcWall,RB,1,11,K05,Party,Concrete,RB_L1_First,53.39,53.69,16.4,17.42,2.5,5.0
Wall_RB_L1_Party_x60.86_s0,IfcWall,RB,1,13,K06,Party,Concrete,RB_L1_First,60.71,61.01,12.61,16.0,2.5,5.0
Wall_RB_L1_Party_x60.86_s1,IfcWall,RB,1,13,K06,Party,Concrete,RB_L1_First,60.71,61.01,16.4,17.42,2.5,5.0
Wall_RB_L1_Party_x68.18_s0,IfcWall,RB,1,15,K07,Party,Concrete,RB_L1_First,68.03,68.33,12.61,16.0,2.5,5.0
Wall_RB_L1_Party_x68.18_s1,IfcWall,RB,1,15,K07,Party,Concrete,RB_L1_First,68.03,68.33,16.4,17.42,2.5,5.0
Wall_RB_L1_Party_x75.50_s0,IfcWall,RB,1,17,K08,Party,Concrete,RB_L1_First,75.35,75.65,12.61,16.0,2.5,5.0
Wall_RB_L1_Party_x75.50_s1,IfcWall,RB,1,17,K08,Party,Concrete,RB_L1_First,75.35,75.65,16.4,17.42,2.5,5.0
Wall_RB_L1_Party_x82.82_s0,IfcWall,RB,1,19,K08/CoreE,Party,Concrete,RB_L1_First,82.67,82.97,12.61,16.0,2.5,5.0
Wall_RB_L1_Party_x82.82_s1,IfcWall,RB,1,19,K08/CoreE,Party,Concrete,RB_L1_First,82.67,82.97,16.4,17.42,2.5,5.0
Wall_RB_L1_S_CoreE,IfcWall,RB,1,19,Corridor1,Exterior_S_corridorLine,Concrete,RB_L1_First,82.82,86.48,9.82,10.12,2.5,3.5
Wall_RB_L1_S_CoreW,IfcWall,RB,1,2,Corridor1,Exterior_S_corridorLine,Concrete,RB_L1_First,20.6,24.26,9.82,10.12,2.5,3.5
Wall_RB_L1_S_EndE,IfcWall,RB,1,20,EndE,Exterior_S_corridorLine,Concrete,RB_L1_First,86.48,93.5,9.82,10.12,2.5,3.5
Wall_RB_L1_S_EndW,IfcWall,RB,1,0,Corridor1,Exterior_S_corridorLine,Concrete,RB_L1_First,15.62,20.6,9.82,10.12,2.5,3.5
Wall_RB_L1_S_K01,IfcWall,RB,1,3,Corridor1,Exterior_S_corridorLine,Concrete,RB_L1_First,24.26,31.58,9.82,10.12,2.5,3.5
Wall_RB_L1_S_K02,IfcWall,RB,1,5,Corridor1,Exterior_S_corridorLine,Concrete,RB_L1_First,31.58,38.9,9.82,10.12,2.5,3.5
Wall_RB_L1_S_K03,IfcWall,RB,1,7,Corridor1,Exterior_S_corridorLine,Concrete,RB_L1_First,38.9,46.22,9.82,10.12,2.5,3.5
Wall_RB_L1_S_K04,IfcWall,RB,1,9,Corridor1,Exterior_S_corridorLine,Concrete,RB_L1_First,46.22,53.54,9.82,10.12,2.5,3.5
Wall_RB_L1_S_K05,IfcWall,RB,1,11,Corridor1,Exterior_S_corridorLine,Concrete,RB_L1_First,53.54,60.86,9.82,10.12,2.5,3.5
Wall_RB_L1_S_K06,IfcWall,RB,1,13,Corridor1,Exterior_S_corridorLine,Concrete,RB_L1_First,60.86,68.18,9.82,10.12,2.5,3.5
Wall_RB_L1_S_K07,IfcWall,RB,1,15,Corridor1,Exterior_S_corridorLine,Concrete,RB_L1_First,68.18,75.5,9.82,10.12,2.5,3.5
Wall_RB_L1_S_K08,IfcWall,RB,1,17,Corridor1,Exterior_S_corridorLine,Concrete,RB_L1_First,75.5,82.82,9.82,10.12,2.5,3.5
Wall_RB_L1_W_EndW,IfcWall,RB,1,0,Corridor1/EndW,Exterior_W,Concrete,RB_L1_First,13.28,13.58,7.52,17.42,2.5,3.5
Wall_RB_L2_CoreE_S,IfcWall,RB,2,19,CoreE,CoreWall,Concrete,RB_L2_Second,82.97,86.33,12.31,12.51,5.3,7.8
Wall_RB_L2_CoreW_S,IfcWall,RB,2,2,CoreW,CoreWall,Concrete,RB_L2_Second,20.75,24.11,12.31,12.51,5.3,7.8
Wall_RB_L2_Core_x20.60_s0,IfcWall,RB,2,2,EndW/LobbyW,Core,Concrete,RB_L2_Second,20.45,20.75,7.52,8.52,5.3,7.8
Wall_RB_L2_Core_x20.60_s1,IfcWall,RB,2,2,EndW/LobbyW,Core,Concrete,RB_L2_Second,20.45,20.75,8.92,12.21,5.3,7.8
Wall_RB_L2_Core_x20.60_s2,IfcWall,RB,2,2,EndW/LobbyW,Core,Concrete,RB_L2_Second,20.45,20.75,12.61,16.0,5.3,7.8
Wall_RB_L2_Core_x20.60_s3,IfcWall,RB,2,2,EndW/LobbyW,Core,Concrete,RB_L2_Second,20.45,20.75,16.4,17.42,5.3,7.8
Wall_RB_L2_Core_x86.48_s0,IfcWall,RB,2,20,LobbyE/EndE,Core,Concrete,RB_L2_Second,86.33,86.63,7.52,8.52,5.3,7.8
Wall_RB_L2_Core_x86.48_s1,IfcWall,RB,2,20,LobbyE/EndE,Core,Concrete,RB_L2_Second,86.33,86.63,8.92,12.21,5.3,7.8
Wall_RB_L2_Core_x86.48_s2,IfcWall,RB,2,20,LobbyE/EndE,Core,Concrete,RB_L2_Second,86.33,86.63,12.61,16.0,5.3,7.8
Wall_RB_L2_Core_x86.48_s3,IfcWall,RB,2,20,LobbyE/EndE,Core,Concrete,RB_L2_Second,86.33,86.63,16.4,17.42,5.3,7.8
Wall_RB_L2_E_EndE,IfcWall,RB,2,21,EndE,Exterior_E,Concrete,RB_L2_Second,93.5,93.8,7.52,17.42,5.3,6.3
Wall_RB_L2_K01_BathE,IfcWall,RB,2,3,K01,Partition,Concrete,RB_L2_Second,29.98,30.08,14.97,17.12,5.3,7.8
Wall_RB_L2_K01_BathS,IfcWall,RB,2,3,K01,Partition,Concrete,RB_L2_Second,28.07,30.08,14.87,14.97,5.3,7.8
Wall_RB_L2_K01_BathW,IfcWall,RB,2,3,K01,Partition,Concrete,RB_L2_Second,28.07,28.17,14.97,17.12,5.3,7.8
Wall_RB_L2_K01_Bedroom_s0,IfcWall,RB,2,3,K01,Partition,Concrete,RB_L2_Second,27.87,27.97,7.82,8.52,5.3,7.8
Wall_RB_L2_K01_Bedroom_s1,IfcWall,RB,2,3,K01,Partition,Concrete,RB_L2_Second,27.87,27.97,8.92,12.21,5.3,7.8
Wall_RB_L2_K02_BathE,IfcWall,RB,2,5,K02,Partition,Concrete,RB_L2_Second,34.99,35.09,14.97,17.12,5.3,7.8
Wall_RB_L2_K02_BathS,IfcWall,RB,2,5,K02,Partition,Concrete,RB_L2_Second,33.08,35.09,14.87,14.97,5.3,7.8
Wall_RB_L2_K02_BathW,IfcWall,RB,2,5,K02,Partition,Concrete,RB_L2_Second,33.08,33.18,14.97,17.12,5.3,7.8
Wall_RB_L2_K02_Bedroom_s0,IfcWall,RB,2,5,K02,Partition,Concrete,RB_L2_Second,35.19,35.29,7.82,8.52,5.3,7.8
Wall_RB_L2_K02_Bedroom_s1,IfcWall,RB,2,5,K02,Partition,Concrete,RB_L2_Second,35.19,35.29,8.92,12.21,5.3,7.8
Wall_RB_L2_K03_BathE,IfcWall,RB,2,7,K03,Partition,Concrete,RB_L2_Second,44.62,44.72,14.97,17.12,5.3,7.8
Wall_RB_L2_K03_BathS,IfcWall,RB,2,7,K03,Partition,Concrete,RB_L2_Second,42.71,44.72,14.87,14.97,5.3,7.8
Wall_RB_L2_K03_BathW,IfcWall,RB,2,7,K03,Partition,Concrete,RB_L2_Second,42.71,42.81,14.97,17.12,5.3,7.8
Wall_RB_L2_K03_Bedroom_s0,IfcWall,RB,2,7,K03,Partition,Concrete,RB_L2_Second,42.51,42.61,7.82,8.52,5.3,7.8
Wall_RB_L2_K03_Bedroom_s1,IfcWall,RB,2,7,K03,Partition,Concrete,RB_L2_Second,42.51,42.61,8.92,12.21,5.3,7.8
Wall_RB_L2_K04_BathE,IfcWall,RB,2,9,K04,Partition,Concrete,RB_L2_Second,49.63,49.73,14.97,17.12,5.3,7.8
Wall_RB_L2_K04_BathS,IfcWall,RB,2,9,K04,Partition,Concrete,RB_L2_Second,47.72,49.73,14.87,14.97,5.3,7.8
Wall_RB_L2_K04_BathW,IfcWall,RB,2,9,K04,Partition,Concrete,RB_L2_Second,47.72,47.82,14.97,17.12,5.3,7.8
Wall_RB_L2_K04_Bedroom_s0,IfcWall,RB,2,9,K04,Partition,Concrete,RB_L2_Second,49.83,49.93,7.82,8.52,5.3,7.8
Wall_RB_L2_K04_Bedroom_s1,IfcWall,RB,2,9,K04,Partition,Concrete,RB_L2_Second,49.83,49.93,8.92,12.21,5.3,7.8
Wall_RB_L2_K05_BathE,IfcWall,RB,2,11,K05,Partition,Concrete,RB_L2_Second,59.26,59.36,14.97,17.12,5.3,7.8
Wall_RB_L2_K05_BathS,IfcWall,RB,2,11,K05,Partition,Concrete,RB_L2_Second,57.35,59.36,14.87,14.97,5.3,7.8
Wall_RB_L2_K05_BathW,IfcWall,RB,2,11,K05,Partition,Concrete,RB_L2_Second,57.35,57.45,14.97,17.12,5.3,7.8
Wall_RB_L2_K05_Bedroom_s0,IfcWall,RB,2,11,K05,Partition,Concrete,RB_L2_Second,57.15,57.25,7.82,8.52,5.3,7.8
Wall_RB_L2_K05_Bedroom_s1,IfcWall,RB,2,11,K05,Partition,Concrete,RB_L2_Second,57.15,57.25,8.92,12.21,5.3,7.8
Wall_RB_L2_K06_BathE,IfcWall,RB,2,13,K06,Partition,Concrete,RB_L2_Second,64.27,64.37,14.97,17.12,5.3,7.8
Wall_RB_L2_K06_BathS,IfcWall,RB,2,13,K06,Partition,Concrete,RB_L2_Second,62.36,64.37,14.87,14.97,5.3,7.8
Wall_RB_L2_K06_BathW,IfcWall,RB,2,13,K06,Partition,Concrete,RB_L2_Second,62.36,62.46,14.97,17.12,5.3,7.8
Wall_RB_L2_K06_Bedroom_s0,IfcWall,RB,2,13,K06,Partition,Concrete,RB_L2_Second,64.47,64.57,7.82,8.52,5.3,7.8
Wall_RB_L2_K06_Bedroom_s1,IfcWall,RB,2,13,K06,Partition,Concrete,RB_L2_Second,64.47,64.57,8.92,12.21,5.3,7.8
Wall_RB_L2_K07_BathE,IfcWall,RB,2,15,K07,Partition,Concrete,RB_L2_Second,73.9,74.0,14.97,17.12,5.3,7.8
Wall_RB_L2_K07_BathS,IfcWall,RB,2,15,K07,Partition,Concrete,RB_L2_Second,71.99,74.0,14.87,14.97,5.3,7.8
Wall_RB_L2_K07_BathW,IfcWall,RB,2,15,K07,Partition,Concrete,RB_L2_Second,71.99,72.09,14.97,17.12,5.3,7.8
Wall_RB_L2_K07_Bedroom_s0,IfcWall,RB,2,15,K07,Partition,Concrete,RB_L2_Second,71.79,71.89,7.82,8.52,5.3,7.8
Wall_RB_L2_K07_Bedroom_s1,IfcWall,RB,2,15,K07,Partition,Concrete,RB_L2_Second,71.79,71.89,8.92,12.21,5.3,7.8
Wall_RB_L2_K08_BathE,IfcWall,RB,2,17,K08,Partition,Concrete,RB_L2_Second,78.91,79.01,14.97,17.12,5.3,7.8
Wall_RB_L2_K08_BathS,IfcWall,RB,2,17,K08,Partition,Concrete,RB_L2_Second,77.0,79.01,14.87,14.97,5.3,7.8
Wall_RB_L2_K08_BathW,IfcWall,RB,2,17,K08,Partition,Concrete,RB_L2_Second,77.0,77.1,14.97,17.12,5.3,7.8
Wall_RB_L2_K08_Bedroom_s0,IfcWall,RB,2,17,K08,Partition,Concrete,RB_L2_Second,79.11,79.21,7.82,8.52,5.3,7.8
Wall_RB_L2_K08_Bedroom_s1,IfcWall,RB,2,17,K08,Partition,Concrete,RB_L2_Second,79.11,79.21,8.92,12.21,5.3,7.8
Wall_RB_L2_N_CoreE,IfcWall,RB,2,19,CoreE,Exterior_N,Concrete,RB_L2_Second,82.97,86.33,17.12,17.42,5.3,6.3
Wall_RB_L2_N_CoreW,IfcWall,RB,2,2,CoreW,Exterior_N,Concrete,RB_L2_Second,20.75,24.11,17.12,17.42,5.3,6.3
Wall_RB_L2_N_EndE,IfcWall,RB,2,20,EndE,Exterior_N,Concrete,RB_L2_Second,86.63,93.5,17.12,17.42,5.3,6.3
Wall_RB_L2_N_EndW,IfcWall,RB,2,0,EndW,Exterior_N,Concrete,RB_L2_Second,13.58,20.45,17.12,17.42,5.3,6.3
Wall_RB_L2_N_K01,IfcWall,RB,2,3,K01,Exterior_N,Concrete,RB_L2_Second,24.41,31.43,17.12,17.42,5.3,6.3
Wall_RB_L2_N_K02,IfcWall,RB,2,5,K02,Exterior_N,Concrete,RB_L2_Second,31.73,38.75,17.12,17.42,5.3,6.3
Wall_RB_L2_N_K03,IfcWall,RB,2,7,K03,Exterior_N,Concrete,RB_L2_Second,39.05,46.07,17.12,17.42,5.3,6.3
Wall_RB_L2_N_K04,IfcWall,RB,2,9,K04,Exterior_N,Concrete,RB_L2_Second,46.37,53.39,17.12,17.42,5.3,6.3
Wall_RB_L2_N_K05,IfcWall,RB,2,11,K05,Exterior_N,Concrete,RB_L2_Second,53.69,60.71,17.12,17.42,5.3,6.3
Wall_RB_L2_N_K06,IfcWall,RB,2,13,K06,Exterior_N,Concrete,RB_L2_Second,61.01,68.03,17.12,17.42,5.3,6.3
Wall_RB_L2_N_K07,IfcWall,RB,2,15,K07,Exterior_N,Concrete,RB_L2_Second,68.33,75.35,17.12,17.42,5.3,6.3
Wall_RB_L2_N_K08,IfcWall,RB,2,17,K08,Exterior_N,Concrete,RB_L2_Second,75.65,82.67,17.12,17.42,5.3,6.3
Wall_RB_L2_Party_x24.26_s0,IfcWall,RB,2,3,K01,Party,Concrete,RB_L2_Second,24.11,24.41,7.52,8.52,5.3,7.8
Wall_RB_L2_Party_x24.26_s1,IfcWall,RB,2,3,K01,Party,Concrete,RB_L2_Second,24.11,24.41,8.92,12.21,5.3,7.8
Wall_RB_L2_Party_x24.26_s2,IfcWall,RB,2,3,K01,Party,Concrete,RB_L2_Second,24.11,24.41,12.61,16.0,5.3,7.8
Wall_RB_L2_Party_x24.26_s3,IfcWall,RB,2,3,K01,Party,Concrete,RB_L2_Second,24.11,24.41,16.4,17.42,5.3,7.8
Wall_RB_L2_Party_x31.58_s0,IfcWall,RB,2,5,K02,Party,Concrete,RB_L2_Second,31.43,31.73,7.52,8.52,5.3,7.8
Wall_RB_L2_Party_x31.58_s1,IfcWall,RB,2,5,K02,Party,Concrete,RB_L2_Second,31.43,31.73,8.92,12.21,5.3,7.8
Wall_RB_L2_Party_x31.58_s2,IfcWall,RB,2,5,K02,Party,Concrete,RB_L2_Second,31.43,31.73,12.61,16.0,5.3,7.8
Wall_RB_L2_Party_x31.58_s3,IfcWall,RB,2,5,K02,Party,Concrete,RB_L2_Second,31.43,31.73,16.4,17.42,5.3,7.8
Wall_RB_L2_Party_x38.90_s0,IfcWall,RB,2,7,K03,Party,Concrete,RB_L2_Second,38.75,39.05,7.52,8.52,5.3,7.8
Wall_RB_L2_Party_x38.90_s1,IfcWall,RB,2,7,K03,Party,Concrete,RB_L2_Second,38.75,39.05,8.92,12.21,5.3,7.8
Wall_RB_L2_Party_x38.90_s2,IfcWall,RB,2,7,K03,Party,Concrete,RB_L2_Second,38.75,39.05,12.61,16.0,5.3,7.8
Wall_RB_L2_Party_x38.90_s3,IfcWall,RB,2,7,K03,Party,Concrete,RB_L2_Second,38.75,39.05,16.4,17.42,5.3,7.8
Wall_RB_L2_Party_x46.22_s0,IfcWall,RB,2,9,K04,Party,Concrete,RB_L2_Second,46.07,46.37,7.52,8.52,5.3,7.8
Wall_RB_L2_Party_x46.22_s1,IfcWall,RB,2,9,K04,Party,Concrete,RB_L2_Second,46.07,46.37,8.92,12.21,5.3,7.8
Wall_RB_L2_Party_x46.22_s2,IfcWall,RB,2,9,K04,Party,Concrete,RB_L2_Second,46.07,46.37,12.61,16.0,5.3,7.8
Wall_RB_L2_Party_x46.22_s3,IfcWall,RB,2,9,K04,Party,Concrete,RB_L2_Second,46.07,46.37,16.4,17.42,5.3,7.8
Wall_RB_L2_Party_x53.54_s0,IfcWall,RB,2,11,K05,Party,Concrete,RB_L2_Second,53.39,53.69,7.52,8.52,5.3,7.8
Wall_RB_L2_Party_x53.54_s1,IfcWall,RB,2,11,K05,Party,Concrete,RB_L2_Second,53.39,53.69,8.92,12.21,5.3,7.8
Wall_RB_L2_Party_x53.54_s2,IfcWall,RB,2,11,K05,Party,Concrete,RB_L2_Second,53.39,53.69,12.61,16.0,5.3,7.8
Wall_RB_L2_Party_x53.54_s3,IfcWall,RB,2,11,K05,Party,Concrete,RB_L2_Second,53.39,53.69,16.4,17.42,5.3,7.8
Wall_RB_L2_Party_x60.86_s0,IfcWall,RB,2,13,K06,Party,Concrete,RB_L2_Second,60.71,61.01,7.52,8.52,5.3,7.8
Wall_RB_L2_Party_x60.86_s1,IfcWall,RB,2,13,K06,Party,Concrete,RB_L2_Second,60.71,61.01,8.92,12.21,5.3,7.8
Wall_RB_L2_Party_x60.86_s2,IfcWall,RB,2,13,K06,Party,Concrete,RB_L2_Second,60.71,61.01,12.61,16.0,5.3,7.8
Wall_RB_L2_Party_x60.86_s3,IfcWall,RB,2,13,K06,Party,Concrete,RB_L2_Second,60.71,61.01,16.4,17.42,5.3,7.8
Wall_RB_L2_Party_x68.18_s0,IfcWall,RB,2,15,K07,Party,Concrete,RB_L2_Second,68.03,68.33,7.52,8.52,5.3,7.8
Wall_RB_L2_Party_x68.18_s1,IfcWall,RB,2,15,K07,Party,Concrete,RB_L2_Second,68.03,68.33,8.92,12.21,5.3,7.8
Wall_RB_L2_Party_x68.18_s2,IfcWall,RB,2,15,K07,Party,Concrete,RB_L2_Second,68.03,68.33,12.61,16.0,5.3,7.8
Wall_RB_L2_Party_x68.18_s3,IfcWall,RB,2,15,K07,Party,Concrete,RB_L2_Second,68.03,68.33,16.4,17.42,5.3,7.8
Wall_RB_L2_Party_x75.50_s0,IfcWall,RB,2,17,K08,Party,Concrete,RB_L2_Second,75.35,75.65,7.52,8.52,5.3,7.8
Wall_RB_L2_Party_x75.50_s1,IfcWall,RB,2,17,K08,Party,Concrete,RB_L2_Second,75.35,75.65,8.92,12.21,5.3,7.8
Wall_RB_L2_Party_x75.50_s2,IfcWall,RB,2,17,K08,Party,Concrete,RB_L2_Second,75.35,75.65,12.61,16.0,5.3,7.8
Wall_RB_L2_Party_x75.50_s3,IfcWall,RB,2,17,K08,Party,Concrete,RB_L2_Second,75.35,75.65,16.4,17.42,5.3,7.8
Wall_RB_L2_Party_x82.82_s0,IfcWall,RB,2,19,K08/CoreE,Party,Concrete,RB_L2_Second,82.67,82.97,7.52,8.52,5.3,7.8
Wall_RB_L2_Party_x82.82_s1,IfcWall,RB,2,19,K08/CoreE,Party,Concrete,RB_L2_Second,82.67,82.97,8.92,12.21,5.3,7.8
Wall_RB_L2_Party_x82.82_s2,IfcWall,RB,2,19,K08/CoreE,Party,Concrete,RB_L2_Second,82.67,82.97,12.61,16.0,5.3,7.8
Wall_RB_L2_Party_x82.82_s3,IfcWall,RB,2,19,K08/CoreE,Party,Concrete,RB_L2_Second,82.67,82.97,16.4,17.42,5.3,7.8
Wall_RB_L2_S_CoreE,IfcWall,RB,2,19,CoreE,Exterior_S,Concrete,RB_L2_Second,82.97,86.33,7.52,7.82,5.3,6.3
Wall_RB_L2_S_CoreW,IfcWall,RB,2,2,CoreW,Exterior_S,Concrete,RB_L2_Second,20.75,24.11,7.52,7.82,5.3,6.3
Wall_RB_L2_S_EndE,IfcWall,RB,2,20,EndE,Exterior_S,Concrete,RB_L2_Second,86.63,93.5,7.52,7.82,5.3,6.3
Wall_RB_L2_S_EndW,IfcWall,RB,2,0,EndW,Exterior_S,Concrete,RB_L2_Second,13.58,20.45,7.52,7.82,5.3,6.3
Wall_RB_L2_S_K01,IfcWall,RB,2,3,K01,Exterior_S,Concrete,RB_L2_Second,24.41,31.43,7.52,7.82,5.3,6.3
Wall_RB_L2_S_K02,IfcWall,RB,2,5,K02,Exterior_S,Concrete,RB_L2_Second,31.73,38.75,7.52,7.82,5.3,6.3
Wall_RB_L2_S_K03,IfcWall,RB,2,7,K03,Exterior_S,Concrete,RB_L2_Second,39.05,46.07,7.52,7.82,5.3,6.3
Wall_RB_L2_S_K04,IfcWall,RB,2,9,K04,Exterior_S,Concrete,RB_L2_Second,46.37,53.39,7.52,7.82,5.3,6.3
Wall_RB_L2_S_K05,IfcWall,RB,2,11,K05,Exterior_S,Concrete,RB_L2_Second,53.69,60.71,7.52,7.82,5.3,6.3
Wall_RB_L2_S_K06,IfcWall,RB,2,13,K06,Exterior_S,Concrete,RB_L2_Second,61.01,68.03,7.52,7.82,5.3,6.3
Wall_RB_L2_S_K07,IfcWall,RB,2,15,K07,Exterior_S,Concrete,RB_L2_Second,68.33,75.35,7.52,7.82,5.3,6.3
Wall_RB_L2_S_K08,IfcWall,RB,2,17,K08,Exterior_S,Concrete,RB_L2_Second,75.65,82.67,7.52,7.82,5.3,6.3
Wall_RB_L2_W_EndW_s0,IfcWall,RB,2,0,EndW,Exterior_W,Concrete,RB_L2_Second,13.28,13.58,7.52,10.95,5.3,6.3
Wall_RB_L2_W_EndW_s1,IfcWall,RB,2,0,EndW,Exterior_W,Concrete,RB_L2_Second,13.28,13.58,11.85,17.42,5.3,6.3
Wall_RB_L3_CoreE_S,IfcWall,RB,3,19,CoreE,CoreWall,Concrete,RB_L3_Third,82.97,86.33,12.31,12.51,8.1,10.6
Wall_RB_L3_CoreW_S,IfcWall,RB,3,2,CoreW,CoreWall,Concrete,RB_L3_Third,20.75,24.11,12.31,12.51,8.1,10.6
Wall_RB_L3_Core_x20.60_s0,IfcWall,RB,3,2,EndW/LobbyW,Core,Concrete,RB_L3_Third,20.45,20.75,7.52,8.52,8.1,10.6
Wall_RB_L3_Core_x20.60_s1,IfcWall,RB,3,2,EndW/LobbyW,Core,Concrete,RB_L3_Third,20.45,20.75,8.92,12.21,8.1,10.6
Wall_RB_L3_Core_x20.60_s2,IfcWall,RB,3,2,EndW/LobbyW,Core,Concrete,RB_L3_Third,20.45,20.75,12.61,16.0,8.1,10.6
Wall_RB_L3_Core_x20.60_s3,IfcWall,RB,3,2,EndW/LobbyW,Core,Concrete,RB_L3_Third,20.45,20.75,16.4,17.42,8.1,10.6
Wall_RB_L3_Core_x86.48_s0,IfcWall,RB,3,20,LobbyE/EndE,Core,Concrete,RB_L3_Third,86.33,86.63,7.52,8.52,8.1,10.6
Wall_RB_L3_Core_x86.48_s1,IfcWall,RB,3,20,LobbyE/EndE,Core,Concrete,RB_L3_Third,86.33,86.63,8.92,12.21,8.1,10.6
Wall_RB_L3_Core_x86.48_s2,IfcWall,RB,3,20,LobbyE/EndE,Core,Concrete,RB_L3_Third,86.33,86.63,12.61,16.0,8.1,10.6
Wall_RB_L3_Core_x86.48_s3,IfcWall,RB,3,20,LobbyE/EndE,Core,Concrete,RB_L3_Third,86.33,86.63,16.4,17.42,8.1,10.6
Wall_RB_L3_E_EndE,IfcWall,RB,3,21,EndE,Exterior_E,Concrete,RB_L3_Third,93.5,93.8,7.52,17.42,8.1,9.1
Wall_RB_L3_F01_Kitchen,IfcWall,RB,3,3,F01,Partition,Concrete,RB_L3_Third,24.41,26.42,12.36,12.46,8.1,10.6
Wall_RB_L3_F02_Kitchen,IfcWall,RB,3,4,F02,Partition,Concrete,RB_L3_Third,28.07,30.08,12.36,12.46,8.1,10.6
Wall_RB_L3_F03_Kitchen,IfcWall,RB,3,5,F03,Partition,Concrete,RB_L3_Third,31.73,33.74,12.36,12.46,8.1,10.6
Wall_RB_L3_F04_Kitchen,IfcWall,RB,3,6,F04,Partition,Concrete,RB_L3_Third,35.39,37.4,12.36,12.46,8.1,10.6
Wall_RB_L3_F05_Kitchen,IfcWall,RB,3,7,F05,Partition,Concrete,RB_L3_Third,39.05,41.06,12.36,12.46,8.1,10.6
Wall_RB_L3_F06_Kitchen,IfcWall,RB,3,8,F06,Partition,Concrete,RB_L3_Third,42.71,44.72,12.36,12.46,8.1,10.6
Wall_RB_L3_F07_Kitchen,IfcWall,RB,3,9,F07,Partition,Concrete,RB_L3_Third,46.37,48.38,12.36,12.46,8.1,10.6
Wall_RB_L3_F08_Kitchen,IfcWall,RB,3,10,F08,Partition,Concrete,RB_L3_Third,50.03,52.04,12.36,12.46,8.1,10.6
Wall_RB_L3_F09_Kitchen,IfcWall,RB,3,11,F09,Partition,Concrete,RB_L3_Third,53.69,55.7,12.36,12.46,8.1,10.6
Wall_RB_L3_F10_Kitchen,IfcWall,RB,3,12,F10,Partition,Concrete,RB_L3_Third,57.35,59.36,12.36,12.46,8.1,10.6
Wall_RB_L3_F11_Kitchen,IfcWall,RB,3,13,F11,Partition,Concrete,RB_L3_Third,61.01,63.02,12.36,12.46,8.1,10.6
Wall_RB_L3_F12_Kitchen,IfcWall,RB,3,14,F12,Partition,Concrete,RB_L3_Third,64.67,66.68,12.36,12.46,8.1,10.6
Wall_RB_L3_F13_Kitchen,IfcWall,RB,3,15,F13,Partition,Concrete,RB_L3_Third,68.33,70.34,12.36,12.46,8.1,10.6
Wall_RB_L3_F14_Kitchen,IfcWall,RB,3,16,F14,Partition,Concrete,RB_L3_Third,71.99,74.0,12.36,12.46,8.1,10.6
Wall_RB_L3_F15_Kitchen,IfcWall,RB,3,17,F15,Partition,Concrete,RB_L3_Third,75.65,77.66,12.36,12.46,8.1,10.6
Wall_RB_L3_F16_Kitchen,IfcWall,RB,3,18,F16,Partition,Concrete,RB_L3_Third,79.31,81.32,12.36,12.46,8.1,10.6
Wall_RB_L3_N_CoreE,IfcWall,RB,3,19,CoreE,Exterior_N,Concrete,RB_L3_Third,82.97,86.33,17.12,17.42,8.1,9.1
Wall_RB_L3_N_CoreW,IfcWall,RB,3,2,CoreW,Exterior_N,Concrete,RB_L3_Third,20.75,24.11,17.12,17.42,8.1,9.1
Wall_RB_L3_N_EndE,IfcWall,RB,3,20,EndE,Exterior_N,Concrete,RB_L3_Third,86.63,93.5,17.12,17.42,8.1,9.1
Wall_RB_L3_N_EndW,IfcWall,RB,3,0,EndW,Exterior_N,Concrete,RB_L3_Third,13.58,20.45,17.12,17.42,8.1,9.1
Wall_RB_L3_N_F01,IfcWall,RB,3,3,F01,Exterior_N,Concrete,RB_L3_Third,24.41,27.77,17.12,17.42,8.1,9.1
Wall_RB_L3_N_F02,IfcWall,RB,3,4,F02,Exterior_N,Concrete,RB_L3_Third,28.07,31.43,17.12,17.42,8.1,9.1
Wall_RB_L3_N_F03,IfcWall,RB,3,5,F03,Exterior_N,Concrete,RB_L3_Third,31.73,35.09,17.12,17.42,8.1,9.1
Wall_RB_L3_N_F04,IfcWall,RB,3,6,F04,Exterior_N,Concrete,RB_L3_Third,35.39,38.75,17.12,17.42,8.1,9.1
Wall_RB_L3_N_F05,IfcWall,RB,3,7,F05,Exterior_N,Concrete,RB_L3_Third,39.05,42.41,17.12,17.42,8.1,9.1
Wall_RB_L3_N_F06,IfcWall,RB,3,8,F06,Exterior_N,Concrete,RB_L3_Third,42.71,46.07,17.12,17.42,8.1,9.1
Wall_RB_L3_N_F07,IfcWall,RB,3,9,F07,Exterior_N,Concrete,RB_L3_Third,46.37,49.73,17.12,17.42,8.1,9.1
Wall_RB_L3_N_F08,IfcWall,RB,3,10,F08,Exterior_N,Concrete,RB_L3_Third,50.03,53.39,17.12,17.42,8.1,9.1
Wall_RB_L3_N_F09,IfcWall,RB,3,11,F09,Exterior_N,Concrete,RB_L3_Third,53.69,57.05,17.12,17.42,8.1,9.1
Wall_RB_L3_N_F10,IfcWall,RB,3,12,F10,Exterior_N,Concrete,RB_L3_Third,57.35,60.71,17.12,17.42,8.1,9.1
Wall_RB_L3_N_F11,IfcWall,RB,3,13,F11,Exterior_N,Concrete,RB_L3_Third,61.01,64.37,17.12,17.42,8.1,9.1
Wall_RB_L3_N_F12,IfcWall,RB,3,14,F12,Exterior_N,Concrete,RB_L3_Third,64.67,68.03,17.12,17.42,8.1,9.1
Wall_RB_L3_N_F13,IfcWall,RB,3,15,F13,Exterior_N,Concrete,RB_L3_Third,68.33,71.69,17.12,17.42,8.1,9.1
Wall_RB_L3_N_F14,IfcWall,RB,3,16,F14,Exterior_N,Concrete,RB_L3_Third,71.99,75.35,17.12,17.42,8.1,9.1
Wall_RB_L3_N_F15,IfcWall,RB,3,17,F15,Exterior_N,Concrete,RB_L3_Third,75.65,79.01,17.12,17.42,8.1,9.1
Wall_RB_L3_N_F16,IfcWall,RB,3,18,F16,Exterior_N,Concrete,RB_L3_Third,79.31,82.67,17.12,17.42,8.1,9.1
Wall_RB_L3_Party_x24.26_s0,IfcWall,RB,3,3,F01,Party,Concrete,RB_L3_Third,24.11,24.41,7.52,8.52,8.1,10.6
Wall_RB_L3_Party_x24.26_s1,IfcWall,RB,3,3,F01,Party,Concrete,RB_L3_Third,24.11,24.41,8.92,12.21,8.1,10.6
Wall_RB_L3_Party_x24.26_s2,IfcWall,RB,3,3,F01,Party,Concrete,RB_L3_Third,24.11,24.41,12.61,16.0,8.1,10.6
Wall_RB_L3_Party_x24.26_s3,IfcWall,RB,3,3,F01,Party,Concrete,RB_L3_Third,24.11,24.41,16.4,17.42,8.1,10.6
Wall_RB_L3_Party_x27.92_s0,IfcWall,RB,3,4,F02,Party,Concrete,RB_L3_Third,27.77,28.07,7.52,8.52,8.1,10.6
Wall_RB_L3_Party_x27.92_s1,IfcWall,RB,3,4,F02,Party,Concrete,RB_L3_Third,27.77,28.07,8.92,12.21,8.1,10.6
Wall_RB_L3_Party_x27.92_s2,IfcWall,RB,3,4,F02,Party,Concrete,RB_L3_Third,27.77,28.07,12.61,16.0,8.1,10.6
Wall_RB_L3_Party_x27.92_s3,IfcWall,RB,3,4,F02,Party,Concrete,RB_L3_Third,27.77,28.07,16.4,17.42,8.1,10.6
Wall_RB_L3_Party_x31.58_s0,IfcWall,RB,3,5,F03,Party,Concrete,RB_L3_Third,31.43,31.73,7.52,8.52,8.1,10.6
Wall_RB_L3_Party_x31.58_s1,IfcWall,RB,3,5,F03,Party,Concrete,RB_L3_Third,31.43,31.73,8.92,12.21,8.1,10.6
Wall_RB_L3_Party_x31.58_s2,IfcWall,RB,3,5,F03,Party,Concrete,RB_L3_Third,31.43,31.73,12.61,16.0,8.1,10.6
Wall_RB_L3_Party_x31.58_s3,IfcWall,RB,3,5,F03,Party,Concrete,RB_L3_Third,31.43,31.73,16.4,17.42,8.1,10.6
Wall_RB_L3_Party_x35.24_s0,IfcWall,RB,3,6,F04,Party,Concrete,RB_L3_Third,35.09,35.39,7.52,8.52,8.1,10.6
Wall_RB_L3_Party_x35.24_s1,IfcWall,RB,3,6,F04,Party,Concrete,RB_L3_Third,35.09,35.39,8.92,12.21,8.1,10.6
Wall_RB_L3_Party_x35.24_s2,IfcWall,RB,3,6,F04,Party,Concrete,RB_L3_Third,35.09,35.39,12.61,16.0,8.1,10.6
Wall_RB_L3_Party_x35.24_s3,IfcWall,RB,3,6,F04,Party,Concrete,RB_L3_Third,35.09,35.39,16.4,17.42,8.1,10.6
Wall_RB_L3_Party_x38.90_s0,IfcWall,RB,3,7,F05,Party,Concrete,RB_L3_Third,38.75,39.05,7.52,8.52,8.1,10.6
Wall_RB_L3_Party_x38.90_s1,IfcWall,RB,3,7,F05,Party,Concrete,RB_L3_Third,38.75,39.05,8.92,12.21,8.1,10.6
Wall_RB_L3_Party_x38.90_s2,IfcWall,RB,3,7,F05,Party,Concrete,RB_L3_Third,38.75,39.05,12.61,16.0,8.1,10.6
Wall_RB_L3_Party_x38.90_s3,IfcWall,RB,3,7,F05,Party,Concrete,RB_L3_Third,38.75,39.05,16.4,17.42,8.1,10.6
Wall_RB_L3_Party_x42.56_s0,IfcWall,RB,3,8,F06,Party,Concrete,RB_L3_Third,42.41,42.71,7.52,8.52,8.1,10.6
Wall_RB_L3_Party_x42.56_s1,IfcWall,RB,3,8,F06,Party,Concrete,RB_L3_Third,42.41,42.71,8.92,12.21,8.1,10.6
Wall_RB_L3_Party_x42.56_s2,IfcWall,RB,3,8,F06,Party,Concrete,RB_L3_Third,42.41,42.71,12.61,16.0,8.1,10.6
Wall_RB_L3_Party_x42.56_s3,IfcWall,RB,3,8,F06,Party,Concrete,RB_L3_Third,42.41,42.71,16.4,17.42,8.1,10.6
Wall_RB_L3_Party_x46.22_s0,IfcWall,RB,3,9,F07,Party,Concrete,RB_L3_Third,46.07,46.37,7.52,8.52,8.1,10.6
Wall_RB_L3_Party_x46.22_s1,IfcWall,RB,3,9,F07,Party,Concrete,RB_L3_Third,46.07,46.37,8.92,12.21,8.1,10.6
Wall_RB_L3_Party_x46.22_s2,IfcWall,RB,3,9,F07,Party,Concrete,RB_L3_Third,46.07,46.37,12.61,16.0,8.1,10.6
Wall_RB_L3_Party_x46.22_s3,IfcWall,RB,3,9,F07,Party,Concrete,RB_L3_Third,46.07,46.37,16.4,17.42,8.1,10.6
Wall_RB_L3_Party_x49.88_s0,IfcWall,RB,3,10,F08,Party,Concrete,RB_L3_Third,49.73,50.03,7.52,8.52,8.1,10.6
Wall_RB_L3_Party_x49.88_s1,IfcWall,RB,3,10,F08,Party,Concrete,RB_L3_Third,49.73,50.03,8.92,12.21,8.1,10.6
Wall_RB_L3_Party_x49.88_s2,IfcWall,RB,3,10,F08,Party,Concrete,RB_L3_Third,49.73,50.03,12.61,16.0,8.1,10.6
Wall_RB_L3_Party_x49.88_s3,IfcWall,RB,3,10,F08,Party,Concrete,RB_L3_Third,49.73,50.03,16.4,17.42,8.1,10.6
Wall_RB_L3_Party_x53.54_s0,IfcWall,RB,3,11,F09,Party,Concrete,RB_L3_Third,53.39,53.69,7.52,8.52,8.1,10.6
Wall_RB_L3_Party_x53.54_s1,IfcWall,RB,3,11,F09,Party,Concrete,RB_L3_Third,53.39,53.69,8.92,12.21,8.1,10.6
Wall_RB_L3_Party_x53.54_s2,IfcWall,RB,3,11,F09,Party,Concrete,RB_L3_Third,53.39,53.69,12.61,16.0,8.1,10.6
Wall_RB_L3_Party_x53.54_s3,IfcWall,RB,3,11,F09,Party,Concrete,RB_L3_Third,53.39,53.69,16.4,17.42,8.1,10.6
Wall_RB_L3_Party_x57.20_s0,IfcWall,RB,3,12,F10,Party,Concrete,RB_L3_Third,57.05,57.35,7.52,8.52,8.1,10.6
Wall_RB_L3_Party_x57.20_s1,IfcWall,RB,3,12,F10,Party,Concrete,RB_L3_Third,57.05,57.35,8.92,12.21,8.1,10.6
Wall_RB_L3_Party_x57.20_s2,IfcWall,RB,3,12,F10,Party,Concrete,RB_L3_Third,57.05,57.35,12.61,16.0,8.1,10.6
Wall_RB_L3_Party_x57.20_s3,IfcWall,RB,3,12,F10,Party,Concrete,RB_L3_Third,57.05,57.35,16.4,17.42,8.1,10.6
Wall_RB_L3_Party_x60.86_s0,IfcWall,RB,3,13,F11,Party,Concrete,RB_L3_Third,60.71,61.01,7.52,8.52,8.1,10.6
Wall_RB_L3_Party_x60.86_s1,IfcWall,RB,3,13,F11,Party,Concrete,RB_L3_Third,60.71,61.01,8.92,12.21,8.1,10.6
Wall_RB_L3_Party_x60.86_s2,IfcWall,RB,3,13,F11,Party,Concrete,RB_L3_Third,60.71,61.01,12.61,16.0,8.1,10.6
Wall_RB_L3_Party_x60.86_s3,IfcWall,RB,3,13,F11,Party,Concrete,RB_L3_Third,60.71,61.01,16.4,17.42,8.1,10.6
Wall_RB_L3_Party_x64.52_s0,IfcWall,RB,3,14,F12,Party,Concrete,RB_L3_Third,64.37,64.67,7.52,8.52,8.1,10.6
Wall_RB_L3_Party_x64.52_s1,IfcWall,RB,3,14,F12,Party,Concrete,RB_L3_Third,64.37,64.67,8.92,12.21,8.1,10.6
Wall_RB_L3_Party_x64.52_s2,IfcWall,RB,3,14,F12,Party,Concrete,RB_L3_Third,64.37,64.67,12.61,16.0,8.1,10.6
Wall_RB_L3_Party_x64.52_s3,IfcWall,RB,3,14,F12,Party,Concrete,RB_L3_Third,64.37,64.67,16.4,17.42,8.1,10.6
Wall_RB_L3_Party_x68.18_s0,IfcWall,RB,3,15,F13,Party,Concrete,RB_L3_Third,68.03,68.33,7.52,8.52,8.1,10.6
Wall_RB_L3_Party_x68.18_s1,IfcWall,RB,3,15,F13,Party,Concrete,RB_L3_Third,68.03,68.33,8.92,12.21,8.1,10.6
Wall_RB_L3_Party_x68.18_s2,IfcWall,RB,3,15,F13,Party,Concrete,RB_L3_Third,68.03,68.33,12.61,16.0,8.1,10.6
Wall_RB_L3_Party_x68.18_s3,IfcWall,RB,3,15,F13,Party,Concrete,RB_L3_Third,68.03,68.33,16.4,17.42,8.1,10.6
Wall_RB_L3_Party_x71.84_s0,IfcWall,RB,3,16,F14,Party,Concrete,RB_L3_Third,71.69,71.99,7.52,8.52,8.1,10.6
Wall_RB_L3_Party_x71.84_s1,IfcWall,RB,3,16,F14,Party,Concrete,RB_L3_Third,71.69,71.99,8.92,12.21,8.1,10.6
Wall_RB_L3_Party_x71.84_s2,IfcWall,RB,3,16,F14,Party,Concrete,RB_L3_Third,71.69,71.99,12.61,16.0,8.1,10.6
Wall_RB_L3_Party_x71.84_s3,IfcWall,RB,3,16,F14,Party,Concrete,RB_L3_Third,71.69,71.99,16.4,17.42,8.1,10.6
Wall_RB_L3_Party_x75.50_s0,IfcWall,RB,3,17,F15,Party,Concrete,RB_L3_Third,75.35,75.65,7.52,8.52,8.1,10.6
Wall_RB_L3_Party_x75.50_s1,IfcWall,RB,3,17,F15,Party,Concrete,RB_L3_Third,75.35,75.65,8.92,12.21,8.1,10.6
Wall_RB_L3_Party_x75.50_s2,IfcWall,RB,3,17,F15,Party,Concrete,RB_L3_Third,75.35,75.65,12.61,16.0,8.1,10.6
Wall_RB_L3_Party_x75.50_s3,IfcWall,RB,3,17,F15,Party,Concrete,RB_L3_Third,75.35,75.65,16.4,17.42,8.1,10.6
Wall_RB_L3_Party_x79.16_s0,IfcWall,RB,3,18,F16,Party,Concrete,RB_L3_Third,79.01,79.31,7.52,8.52,8.1,10.6
Wall_RB_L3_Party_x79.16_s1,IfcWall,RB,3,18,F16,Party,Concrete,RB_L3_Third,79.01,79.31,8.92,12.21,8.1,10.6
Wall_RB_L3_Party_x79.16_s2,IfcWall,RB,3,18,F16,Party,Concrete,RB_L3_Third,79.01,79.31,12.61,16.0,8.1,10.6
Wall_RB_L3_Party_x79.16_s3,IfcWall,RB,3,18,F16,Party,Concrete,RB_L3_Third,79.01,79.31,16.4,17.42,8.1,10.6
Wall_RB_L3_Party_x82.82_s0,IfcWall,RB,3,19,F16/CoreE,Party,Concrete,RB_L3_Third,82.67,82.97,7.52,8.52,8.1,10.6
Wall_RB_L3_Party_x82.82_s1,IfcWall,RB,3,19,F16/CoreE,Party,Concrete,RB_L3_Third,82.67,82.97,8.92,12.21,8.1,10.6
Wall_RB_L3_Party_x82.82_s2,IfcWall,RB,3,19,F16/CoreE,Party,Concrete,RB_L3_Third,82.67,82.97,12.61,16.0,8.1,10.6
Wall_RB_L3_Party_x82.82_s3,IfcWall,RB,3,19,F16/CoreE,Party,Concrete,RB_L3_Third,82.67,82.97,16.4,17.42,8.1,10.6
Wall_RB_L3_S_CoreE,IfcWall,RB,3,19,CoreE,Exterior_S,Concrete,RB_L3_Third,82.97,86.33,7.52,7.82,8.1,9.1
Wall_RB_L3_S_CoreW,IfcWall,RB,3,2,CoreW,Exterior_S,Concrete,RB_L3_Third,20.75,24.11,7.52,7.82,8.1,9.1
Wall_RB_L3_S_EndE,IfcWall,RB,3,20,EndE,Exterior_S,Concrete,RB_L3_Third,86.63,93.5,7.52,7.82,8.1,9.1
Wall_RB_L3_S_EndW,IfcWall,RB,3,0,EndW,Exterior_S,Concrete,RB_L3_Third,13.58,20.45,7.52,7.82,8.1,9.1
Wall_RB_L3_S_F01,IfcWall,RB,3,3,F01,Exterior_S,Concrete,RB_L3_Third,24.41,27.77,7.52,7.82,8.1,9.1
Wall_RB_L3_S_F02,IfcWall,RB,3,4,F02,Exterior_S,Concrete,RB_L3_Third,28.07,31.43,7.52,7.82,8.1,9.1
Wall_RB_L3_S_F03,IfcWall,RB,3,5,F03,Exterior_S,Concrete,RB_L3_Third,31.73,35.09,7.52,7.82,8.1,9.1
Wall_RB_L3_S_F04,IfcWall,RB,3,6,F04,Exterior_S,Concrete,RB_L3_Third,35.39,38.75,7.52,7.82,8.1,9.1
Wall_RB_L3_S_F05,IfcWall,RB,3,7,F05,Exterior_S,Concrete,RB_L3_Third,39.05,42.41,7.52,7.82,8.1,9.1
Wall_RB_L3_S_F06,IfcWall,RB,3,8,F06,Exterior_S,Concrete,RB_L3_Third,42.71,46.07,7.52,7.82,8.1,9.1
Wall_RB_L3_S_F07,IfcWall,RB,3,9,F07,Exterior_S,Concrete,RB_L3_Third,46.37,49.73,7.52,7.82,8.1,9.1
Wall_RB_L3_S_F08,IfcWall,RB,3,10,F08,Exterior_S,Concrete,RB_L3_Third,50.03,53.39,7.52,7.82,8.1,9.1
Wall_RB_L3_S_F09,IfcWall,RB,3,11,F09,Exterior_S,Concrete,RB_L3_Third,53.69,57.05,7.52,7.82,8.1,9.1
Wall_RB_L3_S_F10,IfcWall,RB,3,12,F10,Exterior_S,Concrete,RB_L3_Third,57.35,60.71,7.52,7.82,8.1,9.1
Wall_RB_L3_S_F11,IfcWall,RB,3,13,F11,Exterior_S,Concrete,RB_L3_Third,61.01,64.37,7.52,7.82,8.1,9.1
Wall_RB_L3_S_F12,IfcWall,RB,3,14,F12,Exterior_S,Concrete,RB_L3_Third,64.67,68.03,7.52,7.82,8.1,9.1
Wall_RB_L3_S_F13,IfcWall,RB,3,15,F13,Exterior_S,Concrete,RB_L3_Third,68.33,71.69,7.52,7.82,8.1,9.1
Wall_RB_L3_S_F14,IfcWall,RB,3,16,F14,Exterior_S,Concrete,RB_L3_Third,71.99,75.35,7.52,7.82,8.1,9.1
Wall_RB_L3_S_F15,IfcWall,RB,3,17,F15,Exterior_S,Concrete,RB_L3_Third,75.65,79.01,7.52,7.82,8.1,9.1
Wall_RB_L3_S_F16,IfcWall,RB,3,18,F16,Exterior_S,Concrete,RB_L3_Third,79.31,82.67,7.52,7.82,8.1,9.1
Wall_RB_L3_W_EndW_s0,IfcWall,RB,3,0,EndW,Exterior_W,Concrete,RB_L3_Third,13.28,13.58,7.52,10.95,8.1,9.1
Wall_RB_L3_W_EndW_s1,IfcWall,RB,3,0,EndW,Exterior_W,Concrete,RB_L3_Third,13.28,13.58,11.85,17.42,8.1,9.1
Wall_RB_L4_CoreE_S,IfcWall,RB,4,19,CoreE,CoreWall,Concrete,RB_L4_Fourth,82.97,86.33,12.31,12.51,10.9,13.4
Wall_RB_L4_CoreW_S,IfcWall,RB,4,2,CoreW,CoreWall,Concrete,RB_L4_Fourth,20.75,24.11,12.31,12.51,10.9,13.4
Wall_RB_L4_Core_x20.60_s0,IfcWall,RB,4,2,EndW/LobbyW,Core,Concrete,RB_L4_Fourth,20.45,20.75,7.52,8.52,10.9,13.4
Wall_RB_L4_Core_x20.60_s1,IfcWall,RB,4,2,EndW/LobbyW,Core,Concrete,RB_L4_Fourth,20.45,20.75,8.92,12.21,10.9,13.4
Wall_RB_L4_Core_x20.60_s2,IfcWall,RB,4,2,EndW/LobbyW,Core,Concrete,RB_L4_Fourth,20.45,20.75,12.61,16.0,10.9,13.4
Wall_RB_L4_Core_x20.60_s3,IfcWall,RB,4,2,EndW/LobbyW,Core,Concrete,RB_L4_Fourth,20.45,20.75,16.4,17.42,10.9,13.4
Wall_RB_L4_Core_x86.48_s0,IfcWall,RB,4,20,LobbyE/EndE,Core,Concrete,RB_L4_Fourth,86.33,86.63,7.52,8.52,10.9,13.4
Wall_RB_L4_Core_x86.48_s1,IfcWall,RB,4,20,LobbyE/EndE,Core,Concrete,RB_L4_Fourth,86.33,86.63,8.92,12.21,10.9,13.4
Wall_RB_L4_Core_x86.48_s2,IfcWall,RB,4,20,LobbyE/EndE,Core,Concrete,RB_L4_Fourth,86.33,86.63,12.61,16.0,10.9,13.4
Wall_RB_L4_Core_x86.48_s3,IfcWall,RB,4,20,LobbyE/EndE,Core,Concrete,RB_L4_Fourth,86.33,86.63,16.4,17.42,10.9,13.4
Wall_RB_L4_Corridor_b03,IfcWall,RB,4,3,F01,CorridorWall,Concrete,RB_L4_Fourth,24.41,27.77,10.36,10.56,10.9,13.4
Wall_RB_L4_Corridor_b04,IfcWall,RB,4,4,F02,CorridorWall,Concrete,RB_L4_Fourth,28.07,31.43,10.36,10.56,10.9,13.4
Wall_RB_L4_Corridor_b05,IfcWall,RB,4,5,F03,CorridorWall,Concrete,RB_L4_Fourth,31.73,35.09,10.36,10.56,10.9,13.4
Wall_RB_L4_Corridor_b06,IfcWall,RB,4,6,F04,CorridorWall,Concrete,RB_L4_Fourth,35.39,38.75,10.36,10.56,10.9,13.4
Wall_RB_L4_Corridor_b07,IfcWall,RB,4,7,F05,CorridorWall,Concrete,RB_L4_Fourth,39.05,42.41,10.36,10.56,10.9,13.4
Wall_RB_L4_Corridor_b08,IfcWall,RB,4,8,F06,CorridorWall,Concrete,RB_L4_Fourth,42.71,46.07,10.36,10.56,10.9,13.4
Wall_RB_L4_Corridor_b09,IfcWall,RB,4,9,F07,CorridorWall,Concrete,RB_L4_Fourth,46.37,49.73,10.36,10.56,10.9,13.4
Wall_RB_L4_Corridor_b10,IfcWall,RB,4,10,F08,CorridorWall,Concrete,RB_L4_Fourth,50.03,53.39,10.36,10.56,10.9,13.4
Wall_RB_L4_Corridor_b11,IfcWall,RB,4,11,F09,CorridorWall,Concrete,RB_L4_Fourth,53.69,57.05,10.36,10.56,10.9,13.4
Wall_RB_L4_Corridor_b12,IfcWall,RB,4,12,F10,CorridorWall,Concrete,RB_L4_Fourth,57.35,60.71,10.36,10.56,10.9,13.4
Wall_RB_L4_Corridor_b13,IfcWall,RB,4,13,F11,CorridorWall,Concrete,RB_L4_Fourth,61.01,64.37,10.36,10.56,10.9,13.4
Wall_RB_L4_Corridor_b14,IfcWall,RB,4,14,F12,CorridorWall,Concrete,RB_L4_Fourth,64.67,68.03,10.36,10.56,10.9,13.4
Wall_RB_L4_Corridor_b15,IfcWall,RB,4,15,F13,CorridorWall,Concrete,RB_L4_Fourth,68.33,71.69,10.36,10.56,10.9,13.4
Wall_RB_L4_Corridor_b16,IfcWall,RB,4,16,F14,CorridorWall,Concrete,RB_L4_Fourth,71.99,75.35,10.36,10.56,10.9,13.4
Wall_RB_L4_Corridor_b17,IfcWall,RB,4,17,F15,CorridorWall,Concrete,RB_L4_Fourth,75.65,79.01,10.36,10.56,10.9,13.4
Wall_RB_L4_Corridor_b18,IfcWall,RB,4,18,F16,CorridorWall,Concrete,RB_L4_Fourth,79.31,82.67,10.36,10.56,10.9,13.4
Wall_RB_L4_E_EndE,IfcWall,RB,4,21,EndE,Exterior_E,Concrete,RB_L4_Fourth,93.5,93.8,7.52,17.42,10.9,11.9
Wall_RB_L4_F01_Hall,IfcWall,RB,4,3,F01,HallWall,Concrete,RB_L4_Fourth,24.41,26.57,12.31,12.51,10.9,13.4
Wall_RB_L4_F01_WC,IfcWall,RB,4,3,F01,Partition,Concrete,RB_L4_Fourth,26.22,26.32,10.56,12.31,10.9,13.4
Wall_RB_L4_F01_WCmid,IfcWall,RB,4,3,F01,Partition,Concrete,RB_L4_Fourth,26.32,27.77,11.35,11.45,10.9,13.4
Wall_RB_L4_F02_Hall,IfcWall,RB,4,4,F02,HallWall,Concrete,RB_L4_Fourth,28.07,30.23,12.31,12.51,10.9,13.4
Wall_RB_L4_F02_WC,IfcWall,RB,4,4,F02,Partition,Concrete,RB_L4_Fourth,29.88,29.98,10.56,12.31,10.9,13.4
Wall_RB_L4_F02_WCmid,IfcWall,RB,4,4,F02,Partition,Concrete,RB_L4_Fourth,29.98,31.43,11.35,11.45,10.9,13.4
Wall_RB_L4_F03_Hall,IfcWall,RB,4,5,F03,HallWall,Concrete,RB_L4_Fourth,31.73,33.89,12.31,12.51,10.9,13.4
Wall_RB_L4_F03_WC,IfcWall,RB,4,5,F03,Partition,Concrete,RB_L4_Fourth,33.54,33.64,10.56,12.31,10.9,13.4
Wall_RB_L4_F03_WCmid,IfcWall,RB,4,5,F03,Partition,Concrete,RB_L4_Fourth,33.64,35.09,11.35,11.45,10.9,13.4
Wall_RB_L4_F04_Hall,IfcWall,RB,4,6,F04,HallWall,Concrete,RB_L4_Fourth,35.39,37.55,12.31,12.51,10.9,13.4
Wall_RB_L4_F04_WC,IfcWall,RB,4,6,F04,Partition,Concrete,RB_L4_Fourth,37.2,37.3,10.56,12.31,10.9,13.4
Wall_RB_L4_F04_WCmid,IfcWall,RB,4,6,F04,Partition,Concrete,RB_L4_Fourth,37.3,38.75,11.35,11.45,10.9,13.4
Wall_RB_L4_F05_Hall,IfcWall,RB,4,7,F05,HallWall,Concrete,RB_L4_Fourth,39.05,41.21,12.31,12.51,10.9,13.4
Wall_RB_L4_F05_WC,IfcWall,RB,4,7,F05,Partition,Concrete,RB_L4_Fourth,40.86,40.96,10.56,12.31,10.9,13.4
Wall_RB_L4_F05_WCmid,IfcWall,RB,4,7,F05,Partition,Concrete,RB_L4_Fourth,40.96,42.41,11.35,11.45,10.9,13.4
Wall_RB_L4_F06_Hall,IfcWall,RB,4,8,F06,HallWall,Concrete,RB_L4_Fourth,42.71,44.87,12.31,12.51,10.9,13.4
Wall_RB_L4_F06_WC,IfcWall,RB,4,8,F06,Partition,Concrete,RB_L4_Fourth,44.52,44.62,10.56,12.31,10.9,13.4
Wall_RB_L4_F06_WCmid,IfcWall,RB,4,8,F06,Partition,Concrete,RB_L4_Fourth,44.62,46.07,11.35,11.45,10.9,13.4
Wall_RB_L4_F07_Hall,IfcWall,RB,4,9,F07,HallWall,Concrete,RB_L4_Fourth,46.37,48.53,12.31,12.51,10.9,13.4
Wall_RB_L4_F07_WC,IfcWall,RB,4,9,F07,Partition,Concrete,RB_L4_Fourth,48.18,48.28,10.56,12.31,10.9,13.4
Wall_RB_L4_F07_WCmid,IfcWall,RB,4,9,F07,Partition,Concrete,RB_L4_Fourth,48.28,49.73,11.35,11.45,10.9,13.4
Wall_RB_L4_F08_Hall,IfcWall,RB,4,10,F08,HallWall,Concrete,RB_L4_Fourth,50.03,52.19,12.31,12.51,10.9,13.4
Wall_RB_L4_F08_WC,IfcWall,RB,4,10,F08,Partition,Concrete,RB_L4_Fourth,51.84,51.94,10.56,12.31,10.9,13.4
Wall_RB_L4_F08_WCmid,IfcWall,RB,4,10,F08,Partition,Concrete,RB_L4_Fourth,51.94,53.39,11.35,11.45,10.9,13.4
Wall_RB_L4_F09_Hall,IfcWall,RB,4,11,F09,HallWall,Concrete,RB_L4_Fourth,53.69,55.85,12.31,12.51,10.9,13.4
Wall_RB_L4_F09_WC,IfcWall,RB,4,11,F09,Partition,Concrete,RB_L4_Fourth,55.5,55.6,10.56,12.31,10.9,13.4
Wall_RB_L4_F09_WCmid,IfcWall,RB,4,11,F09,Partition,Concrete,RB_L4_Fourth,55.6,57.05,11.35,11.45,10.9,13.4
Wall_RB_L4_F10_Hall,IfcWall,RB,4,12,F10,HallWall,Concrete,RB_L4_Fourth,57.35,59.51,12.31,12.51,10.9,13.4
Wall_RB_L4_F10_WC,IfcWall,RB,4,12,F10,Partition,Concrete,RB_L4_Fourth,59.16,59.26,10.56,12.31,10.9,13.4
Wall_RB_L4_F10_WCmid,IfcWall,RB,4,12,F10,Partition,Concrete,RB_L4_Fourth,59.26,60.71,11.35,11.45,10.9,13.4
Wall_RB_L4_F11_Hall,IfcWall,RB,4,13,F11,HallWall,Concrete,RB_L4_Fourth,61.01,63.17,12.31,12.51,10.9,13.4
Wall_RB_L4_F11_WC,IfcWall,RB,4,13,F11,Partition,Concrete,RB_L4_Fourth,62.82,62.92,10.56,12.31,10.9,13.4
Wall_RB_L4_F11_WCmid,IfcWall,RB,4,13,F11,Partition,Concrete,RB_L4_Fourth,62.92,64.37,11.35,11.45,10.9,13.4
Wall_RB_L4_F12_Hall,IfcWall,RB,4,14,F12,HallWall,Concrete,RB_L4_Fourth,64.67,66.83,12.31,12.51,10.9,13.4
Wall_RB_L4_F12_WC,IfcWall,RB,4,14,F12,Partition,Concrete,RB_L4_Fourth,66.48,66.58,10.56,12.31,10.9,13.4
Wall_RB_L4_F12_WCmid,IfcWall,RB,4,14,F12,Partition,Concrete,RB_L4_Fourth,66.58,68.03,11.35,11.45,10.9,13.4
Wall_RB_L4_F13_Hall,IfcWall,RB,4,15,F13,HallWall,Concrete,RB_L4_Fourth,68.33,70.49,12.31,12.51,10.9,13.4
Wall_RB_L4_F13_WC,IfcWall,RB,4,15,F13,Partition,Concrete,RB_L4_Fourth,70.14,70.24,10.56,12.31,10.9,13.4
Wall_RB_L4_F13_WCmid,IfcWall,RB,4,15,F13,Partition,Concrete,RB_L4_Fourth,70.24,71.69,11.35,11.45,10.9,13.4
Wall_RB_L4_F14_Hall,IfcWall,RB,4,16,F14,HallWall,Concrete,RB_L4_Fourth,71.99,74.15,12.31,12.51,10.9,13.4
Wall_RB_L4_F14_WC,IfcWall,RB,4,16,F14,Partition,Concrete,RB_L4_Fourth,73.8,73.9,10.56,12.31,10.9,13.4
Wall_RB_L4_F14_WCmid,IfcWall,RB,4,16,F14,Partition,Concrete,RB_L4_Fourth,73.9,75.35,11.35,11.45,10.9,13.4
Wall_RB_L4_F15_Hall,IfcWall,RB,4,17,F15,HallWall,Concrete,RB_L4_Fourth,75.65,77.81,12.31,12.51,10.9,13.4
Wall_RB_L4_F15_WC,IfcWall,RB,4,17,F15,Partition,Concrete,RB_L4_Fourth,77.46,77.56,10.56,12.31,10.9,13.4
Wall_RB_L4_F15_WCmid,IfcWall,RB,4,17,F15,Partition,Concrete,RB_L4_Fourth,77.56,79.01,11.35,11.45,10.9,13.4
Wall_RB_L4_F16_Hall,IfcWall,RB,4,18,F16,HallWall,Concrete,RB_L4_Fourth,79.31,81.47,12.31,12.51,10.9,13.4
Wall_RB_L4_F16_WC,IfcWall,RB,4,18,F16,Partition,Concrete,RB_L4_Fourth,81.12,81.22,10.56,12.31,10.9,13.4
Wall_RB_L4_F16_WCmid,IfcWall,RB,4,18,F16,Partition,Concrete,RB_L4_Fourth,81.22,82.67,11.35,11.45,10.9,13.4
Wall_RB_L4_N_CoreE,IfcWall,RB,4,19,CoreE,Exterior_N,Concrete,RB_L4_Fourth,82.97,86.33,17.12,17.42,10.9,11.9
Wall_RB_L4_N_CoreW,IfcWall,RB,4,2,CoreW,Exterior_N,Concrete,RB_L4_Fourth,20.75,24.11,17.12,17.42,10.9,11.9
Wall_RB_L4_N_EndE,IfcWall,RB,4,20,EndE,Exterior_N,Concrete,RB_L4_Fourth,86.63,93.5,17.12,17.42,10.9,11.9
Wall_RB_L4_N_EndW,IfcWall,RB,4,0,EndW,Exterior_N,Concrete,RB_L4_Fourth,13.58,20.45,17.12,17.42,10.9,11.9
Wall_RB_L4_N_F01,IfcWall,RB,4,3,F01,Exterior_N,Concrete,RB_L4_Fourth,24.41,27.77,17.12,17.42,10.9,11.9
Wall_RB_L4_N_F02,IfcWall,RB,4,4,F02,Exterior_N,Concrete,RB_L4_Fourth,28.07,31.43,17.12,17.42,10.9,11.9
Wall_RB_L4_N_F03,IfcWall,RB,4,5,F03,Exterior_N,Concrete,RB_L4_Fourth,31.73,35.09,17.12,17.42,10.9,11.9
Wall_RB_L4_N_F04,IfcWall,RB,4,6,F04,Exterior_N,Concrete,RB_L4_Fourth,35.39,38.75,17.12,17.42,10.9,11.9
Wall_RB_L4_N_F05,IfcWall,RB,4,7,F05,Exterior_N,Concrete,RB_L4_Fourth,39.05,42.41,17.12,17.42,10.9,11.9
Wall_RB_L4_N_F06,IfcWall,RB,4,8,F06,Exterior_N,Concrete,RB_L4_Fourth,42.71,46.07,17.12,17.42,10.9,11.9
Wall_RB_L4_N_F07,IfcWall,RB,4,9,F07,Exterior_N,Concrete,RB_L4_Fourth,46.37,49.73,17.12,17.42,10.9,11.9
Wall_RB_L4_N_F08,IfcWall,RB,4,10,F08,Exterior_N,Concrete,RB_L4_Fourth,50.03,53.39,17.12,17.42,10.9,11.9
Wall_RB_L4_N_F09,IfcWall,RB,4,11,F09,Exterior_N,Concrete,RB_L4_Fourth,53.69,57.05,17.12,17.42,10.9,11.9
Wall_RB_L4_N_F10,IfcWall,RB,4,12,F10,Exterior_N,Concrete,RB_L4_Fourth,57.35,60.71,17.12,17.42,10.9,11.9
Wall_RB_L4_N_F11,IfcWall,RB,4,13,F11,Exterior_N,Concrete,RB_L4_Fourth,61.01,64.37,17.12,17.42,10.9,11.9
Wall_RB_L4_N_F12,IfcWall,RB,4,14,F12,Exterior_N,Concrete,RB_L4_Fourth,64.67,68.03,17.12,17.42,10.9,11.9
Wall_RB_L4_N_F13,IfcWall,RB,4,15,F13,Exterior_N,Concrete,RB_L4_Fourth,68.33,71.69,17.12,17.42,10.9,11.9
Wall_RB_L4_N_F14,IfcWall,RB,4,16,F14,Exterior_N,Concrete,RB_L4_Fourth,71.99,75.35,17.12,17.42,10.9,11.9
Wall_RB_L4_N_F15,IfcWall,RB,4,17,F15,Exterior_N,Concrete,RB_L4_Fourth,75.65,79.01,17.12,17.42,10.9,11.9
Wall_RB_L4_N_F16,IfcWall,RB,4,18,F16,Exterior_N,Concrete,RB_L4_Fourth,79.31,82.67,17.12,17.42,10.9,11.9
Wall_RB_L4_Party_x24.26_s0,IfcWall,RB,4,3,F01,Party,Concrete,RB_L4_Fourth,24.11,24.41,10.56,12.21,10.9,13.4
Wall_RB_L4_Party_x24.26_s1,IfcWall,RB,4,3,F01,Party,Concrete,RB_L4_Fourth,24.11,24.41,12.61,16.0,10.9,13.4
Wall_RB_L4_Party_x24.26_s2,IfcWall,RB,4,3,F01,Party,Concrete,RB_L4_Fourth,24.11,24.41,16.4,17.42,10.9,13.4
Wall_RB_L4_Party_x27.92_s0,IfcWall,RB,4,4,F02,Party,Concrete,RB_L4_Fourth,27.77,28.07,10.56,12.21,10.9,13.4
Wall_RB_L4_Party_x27.92_s1,IfcWall,RB,4,4,F02,Party,Concrete,RB_L4_Fourth,27.77,28.07,12.61,16.0,10.9,13.4
Wall_RB_L4_Party_x27.92_s2,IfcWall,RB,4,4,F02,Party,Concrete,RB_L4_Fourth,27.77,28.07,16.4,17.42,10.9,13.4
Wall_RB_L4_Party_x31.58_s0,IfcWall,RB,4,5,F03,Party,Concrete,RB_L4_Fourth,31.43,31.73,10.56,12.21,10.9,13.4
Wall_RB_L4_Party_x31.58_s1,IfcWall,RB,4,5,F03,Party,Concrete,RB_L4_Fourth,31.43,31.73,12.61,16.0,10.9,13.4
Wall_RB_L4_Party_x31.58_s2,IfcWall,RB,4,5,F03,Party,Concrete,RB_L4_Fourth,31.43,31.73,16.4,17.42,10.9,13.4
Wall_RB_L4_Party_x35.24_s0,IfcWall,RB,4,6,F04,Party,Concrete,RB_L4_Fourth,35.09,35.39,10.56,12.21,10.9,13.4
Wall_RB_L4_Party_x35.24_s1,IfcWall,RB,4,6,F04,Party,Concrete,RB_L4_Fourth,35.09,35.39,12.61,16.0,10.9,13.4
Wall_RB_L4_Party_x35.24_s2,IfcWall,RB,4,6,F04,Party,Concrete,RB_L4_Fourth,35.09,35.39,16.4,17.42,10.9,13.4
Wall_RB_L4_Party_x38.90_s0,IfcWall,RB,4,7,F05,Party,Concrete,RB_L4_Fourth,38.75,39.05,10.56,12.21,10.9,13.4
Wall_RB_L4_Party_x38.90_s1,IfcWall,RB,4,7,F05,Party,Concrete,RB_L4_Fourth,38.75,39.05,12.61,16.0,10.9,13.4
Wall_RB_L4_Party_x38.90_s2,IfcWall,RB,4,7,F05,Party,Concrete,RB_L4_Fourth,38.75,39.05,16.4,17.42,10.9,13.4
Wall_RB_L4_Party_x42.56_s0,IfcWall,RB,4,8,F06,Party,Concrete,RB_L4_Fourth,42.41,42.71,10.56,12.21,10.9,13.4
Wall_RB_L4_Party_x42.56_s1,IfcWall,RB,4,8,F06,Party,Concrete,RB_L4_Fourth,42.41,42.71,12.61,16.0,10.9,13.4
Wall_RB_L4_Party_x42.56_s2,IfcWall,RB,4,8,F06,Party,Concrete,RB_L4_Fourth,42.41,42.71,16.4,17.42,10.9,13.4
Wall_RB_L4_Party_x46.22_s0,IfcWall,RB,4,9,F07,Party,Concrete,RB_L4_Fourth,46.07,46.37,10.56,12.21,10.9,13.4
Wall_RB_L4_Party_x46.22_s1,IfcWall,RB,4,9,F07,Party,Concrete,RB_L4_Fourth,46.07,46.37,12.61,16.0,10.9,13.4
Wall_RB_L4_Party_x46.22_s2,IfcWall,RB,4,9,F07,Party,Concrete,RB_L4_Fourth,46.07,46.37,16.4,17.42,10.9,13.4
Wall_RB_L4_Party_x49.88_s0,IfcWall,RB,4,10,F08,Party,Concrete,RB_L4_Fourth,49.73,50.03,10.56,12.21,10.9,13.4
Wall_RB_L4_Party_x49.88_s1,IfcWall,RB,4,10,F08,Party,Concrete,RB_L4_Fourth,49.73,50.03,12.61,16.0,10.9,13.4
Wall_RB_L4_Party_x49.88_s2,IfcWall,RB,4,10,F08,Party,Concrete,RB_L4_Fourth,49.73,50.03,16.4,17.42,10.9,13.4
Wall_RB_L4_Party_x53.54_s0,IfcWall,RB,4,11,F09,Party,Concrete,RB_L4_Fourth,53.39,53.69,10.56,12.21,10.9,13.4
Wall_RB_L4_Party_x53.54_s1,IfcWall,RB,4,11,F09,Party,Concrete,RB_L4_Fourth,53.39,53.69,12.61,16.0,10.9,13.4
Wall_RB_L4_Party_x53.54_s2,IfcWall,RB,4,11,F09,Party,Concrete,RB_L4_Fourth,53.39,53.69,16.4,17.42,10.9,13.4
Wall_RB_L4_Party_x57.20_s0,IfcWall,RB,4,12,F10,Party,Concrete,RB_L4_Fourth,57.05,57.35,10.56,12.21,10.9,13.4
Wall_RB_L4_Party_x57.20_s1,IfcWall,RB,4,12,F10,Party,Concrete,RB_L4_Fourth,57.05,57.35,12.61,16.0,10.9,13.4
Wall_RB_L4_Party_x57.20_s2,IfcWall,RB,4,12,F10,Party,Concrete,RB_L4_Fourth,57.05,57.35,16.4,17.42,10.9,13.4
Wall_RB_L4_Party_x60.86_s0,IfcWall,RB,4,13,F11,Party,Concrete,RB_L4_Fourth,60.71,61.01,10.56,12.21,10.9,13.4
Wall_RB_L4_Party_x60.86_s1,IfcWall,RB,4,13,F11,Party,Concrete,RB_L4_Fourth,60.71,61.01,12.61,16.0,10.9,13.4
Wall_RB_L4_Party_x60.86_s2,IfcWall,RB,4,13,F11,Party,Concrete,RB_L4_Fourth,60.71,61.01,16.4,17.42,10.9,13.4
Wall_RB_L4_Party_x64.52_s0,IfcWall,RB,4,14,F12,Party,Concrete,RB_L4_Fourth,64.37,64.67,10.56,12.21,10.9,13.4
Wall_RB_L4_Party_x64.52_s1,IfcWall,RB,4,14,F12,Party,Concrete,RB_L4_Fourth,64.37,64.67,12.61,16.0,10.9,13.4
Wall_RB_L4_Party_x64.52_s2,IfcWall,RB,4,14,F12,Party,Concrete,RB_L4_Fourth,64.37,64.67,16.4,17.42,10.9,13.4
Wall_RB_L4_Party_x68.18_s0,IfcWall,RB,4,15,F13,Party,Concrete,RB_L4_Fourth,68.03,68.33,10.56,12.21,10.9,13.4
Wall_RB_L4_Party_x68.18_s1,IfcWall,RB,4,15,F13,Party,Concrete,RB_L4_Fourth,68.03,68.33,12.61,16.0,10.9,13.4
Wall_RB_L4_Party_x68.18_s2,IfcWall,RB,4,15,F13,Party,Concrete,RB_L4_Fourth,68.03,68.33,16.4,17.42,10.9,13.4
Wall_RB_L4_Party_x71.84_s0,IfcWall,RB,4,16,F14,Party,Concrete,RB_L4_Fourth,71.69,71.99,10.56,12.21,10.9,13.4
Wall_RB_L4_Party_x71.84_s1,IfcWall,RB,4,16,F14,Party,Concrete,RB_L4_Fourth,71.69,71.99,12.61,16.0,10.9,13.4
Wall_RB_L4_Party_x71.84_s2,IfcWall,RB,4,16,F14,Party,Concrete,RB_L4_Fourth,71.69,71.99,16.4,17.42,10.9,13.4
Wall_RB_L4_Party_x75.50_s0,IfcWall,RB,4,17,F15,Party,Concrete,RB_L4_Fourth,75.35,75.65,10.56,12.21,10.9,13.4
Wall_RB_L4_Party_x75.50_s1,IfcWall,RB,4,17,F15,Party,Concrete,RB_L4_Fourth,75.35,75.65,12.61,16.0,10.9,13.4
Wall_RB_L4_Party_x75.50_s2,IfcWall,RB,4,17,F15,Party,Concrete,RB_L4_Fourth,75.35,75.65,16.4,17.42,10.9,13.4
Wall_RB_L4_Party_x79.16_s0,IfcWall,RB,4,18,F16,Party,Concrete,RB_L4_Fourth,79.01,79.31,10.56,12.21,10.9,13.4
Wall_RB_L4_Party_x79.16_s1,IfcWall,RB,4,18,F16,Party,Concrete,RB_L4_Fourth,79.01,79.31,12.61,16.0,10.9,13.4
Wall_RB_L4_Party_x79.16_s2,IfcWall,RB,4,18,F16,Party,Concrete,RB_L4_Fourth,79.01,79.31,16.4,17.42,10.9,13.4
Wall_RB_L4_Party_x82.82_s0,IfcWall,RB,4,19,F16/CoreE,Party,Concrete,RB_L4_Fourth,82.67,82.97,10.56,12.21,10.9,13.4
Wall_RB_L4_Party_x82.82_s1,IfcWall,RB,4,19,F16/CoreE,Party,Concrete,RB_L4_Fourth,82.67,82.97,12.61,16.0,10.9,13.4
Wall_RB_L4_Party_x82.82_s2,IfcWall,RB,4,19,F16/CoreE,Party,Concrete,RB_L4_Fourth,82.67,82.97,16.4,17.42,10.9,13.4
Wall_RB_L4_S_CoreE,IfcWall,RB,4,19,CoreE,Exterior_S,Concrete,RB_L4_Fourth,82.82,86.33,7.52,7.82,10.9,11.9
Wall_RB_L4_S_CoreW,IfcWall,RB,4,2,CoreW,Exterior_S,Concrete,RB_L4_Fourth,20.75,24.26,7.52,7.82,10.9,11.9
Wall_RB_L4_S_EndE,IfcWall,RB,4,20,EndE,Exterior_S,Concrete,RB_L4_Fourth,86.63,93.5,7.52,7.82,10.9,11.9
Wall_RB_L4_S_EndW,IfcWall,RB,4,0,EndW,Exterior_S,Concrete,RB_L4_Fourth,13.58,20.45,7.52,7.82,10.9,11.9
Wall_RB_L4_S_F01,IfcWall,RB,4,3,Corridor4,Exterior_S,Concrete,RB_L4_Fourth,24.26,27.92,7.52,7.82,10.9,11.9
Wall_RB_L4_S_F02,IfcWall,RB,4,4,Corridor4,Exterior_S,Concrete,RB_L4_Fourth,27.92,31.58,7.52,7.82,10.9,11.9
Wall_RB_L4_S_F03,IfcWall,RB,4,5,Corridor4,Exterior_S,Concrete,RB_L4_Fourth,31.58,35.24,7.52,7.82,10.9,11.9
Wall_RB_L4_S_F04,IfcWall,RB,4,6,Corridor4,Exterior_S,Concrete,RB_L4_Fourth,35.24,38.9,7.52,7.82,10.9,11.9
Wall_RB_L4_S_F05,IfcWall,RB,4,7,Corridor4,Exterior_S,Concrete,RB_L4_Fourth,38.9,42.56,7.52,7.82,10.9,11.9
Wall_RB_L4_S_F06,IfcWall,RB,4,8,Corridor4,Exterior_S,Concrete,RB_L4_Fourth,42.56,46.22,7.52,7.82,10.9,11.9
Wall_RB_L4_S_F07,IfcWall,RB,4,9,Corridor4,Exterior_S,Concrete,RB_L4_Fourth,46.22,49.88,7.52,7.82,10.9,11.9
Wall_RB_L4_S_F08,IfcWall,RB,4,10,Corridor4,Exterior_S,Concrete,RB_L4_Fourth,49.88,53.54,7.52,7.82,10.9,11.9
Wall_RB_L4_S_F09,IfcWall,RB,4,11,Corridor4,Exterior_S,Concrete,RB_L4_Fourth,53.54,57.2,7.52,7.82,10.9,11.9
Wall_RB_L4_S_F10,IfcWall,RB,4,12,Corridor4,Exterior_S,Concrete,RB_L4_Fourth,57.2,60.86,7.52,7.82,10.9,11.9
Wall_RB_L4_S_F11,IfcWall,RB,4,13,Corridor4,Exterior_S,Concrete,RB_L4_Fourth,60.86,64.52,7.52,7.82,10.9,11.9
Wall_RB_L4_S_F12,IfcWall,RB,4,14,Corridor4,Exterior_S,Concrete,RB_L4_Fourth,64.52,68.18,7.52,7.82,10.9,11.9
Wall_RB_L4_S_F13,IfcWall,RB,4,15,Corridor4,Exterior_S,Concrete,RB_L4_Fourth,68.18,71.84,7.52,7.82,10.9,11.9
Wall_RB_L4_S_F14,IfcWall,RB,4,16,Corridor4,Exterior_S,Concrete,RB_L4_Fourth,71.84,75.5,7.52,7.82,10.9,11.9
Wall_RB_L4_S_F15,IfcWall,RB,4,17,Corridor4,Exterior_S,Concrete,RB_L4_Fourth,75.5,79.16,7.52,7.82,10.9,11.9
Wall_RB_L4_S_F16,IfcWall,RB,4,18,Corridor4,Exterior_S,Concrete,RB_L4_Fourth,79.16,82.82,7.52,7.82,10.9,11.9
Wall_RB_L4_W_EndW_s0,IfcWall,RB,4,0,EndW,Exterior_W,Concrete,RB_L4_Fourth,13.28,13.58,7.52,10.95,10.9,11.9
Wall_RB_L4_W_EndW_s1,IfcWall,RB,4,0,EndW,Exterior_W,Concrete,RB_L4_Fourth,13.28,13.58,11.85,17.42,10.9,11.9
Wall_RB_L5_CoreE_S,IfcWall,RB,5,19,CoreE,CoreWall,Concrete,RB_L5_Fifth,82.97,86.33,12.31,12.51,13.7,16.2
Wall_RB_L5_CoreW_S,IfcWall,RB,5,2,CoreW,CoreWall,Concrete,RB_L5_Fifth,20.75,24.11,12.31,12.51,13.7,16.2
Wall_RB_L5_Core_x20.60_s0,IfcWall,RB,5,2,EndW/LobbyW,Core,Concrete,RB_L5_Fifth,20.45,20.75,7.52,8.52,13.7,16.2
Wall_RB_L5_Core_x20.60_s1,IfcWall,RB,5,2,EndW/LobbyW,Core,Concrete,RB_L5_Fifth,20.45,20.75,8.92,12.21,13.7,16.2
Wall_RB_L5_Core_x20.60_s2,IfcWall,RB,5,2,EndW/LobbyW,Core,Concrete,RB_L5_Fifth,20.45,20.75,12.61,16.0,13.7,16.2
Wall_RB_L5_Core_x20.60_s3,IfcWall,RB,5,2,EndW/LobbyW,Core,Concrete,RB_L5_Fifth,20.45,20.75,16.4,17.42,13.7,16.2
Wall_RB_L5_Core_x86.48_s0,IfcWall,RB,5,20,LobbyE/EndE,Core,Concrete,RB_L5_Fifth,86.33,86.63,7.52,8.52,13.7,16.2
Wall_RB_L5_Core_x86.48_s1,IfcWall,RB,5,20,LobbyE/EndE,Core,Concrete,RB_L5_Fifth,86.33,86.63,8.92,12.21,13.7,16.2
Wall_RB_L5_Core_x86.48_s2,IfcWall,RB,5,20,LobbyE/EndE,Core,Concrete,RB_L5_Fifth,86.33,86.63,12.61,16.0,13.7,16.2
Wall_RB_L5_Core_x86.48_s3,IfcWall,RB,5,20,LobbyE/EndE,Core,Concrete,RB_L5_Fifth,86.33,86.63,16.4,17.42,13.7,16.2
Wall_RB_L5_E_EndE,IfcWall,RB,5,21,EndE,Exterior_E,Concrete,RB_L5_Fifth,93.5,93.8,7.52,17.42,13.7,14.7
Wall_RB_L5_F01_Kitchen,IfcWall,RB,5,3,F01,Partition,Concrete,RB_L5_Fifth,24.41,26.42,12.36,12.46,13.7,16.2
Wall_RB_L5_F02_Kitchen,IfcWall,RB,5,4,F02,Partition,Concrete,RB_L5_Fifth,28.07,30.08,12.36,12.46,13.7,16.2
Wall_RB_L5_F03_Kitchen,IfcWall,RB,5,5,F03,Partition,Concrete,RB_L5_Fifth,31.73,33.74,12.36,12.46,13.7,16.2
Wall_RB_L5_F04_Kitchen,IfcWall,RB,5,6,F04,Partition,Concrete,RB_L5_Fifth,35.39,37.4,12.36,12.46,13.7,16.2
Wall_RB_L5_F05_Kitchen,IfcWall,RB,5,7,F05,Partition,Concrete,RB_L5_Fifth,39.05,41.06,12.36,12.46,13.7,16.2
Wall_RB_L5_F06_Kitchen,IfcWall,RB,5,8,F06,Partition,Concrete,RB_L5_Fifth,42.71,44.72,12.36,12.46,13.7,16.2
Wall_RB_L5_F07_Kitchen,IfcWall,RB,5,9,F07,Partition,Concrete,RB_L5_Fifth,46.37,48.38,12.36,12.46,13.7,16.2
Wall_RB_L5_F08_Kitchen,IfcWall,RB,5,10,F08,Partition,Concrete,RB_L5_Fifth,50.03,52.04,12.36,12.46,13.7,16.2
Wall_RB_L5_F09_Kitchen,IfcWall,RB,5,11,F09,Partition,Concrete,RB_L5_Fifth,53.69,55.7,12.36,12.46,13.7,16.2
Wall_RB_L5_F10_Kitchen,IfcWall,RB,5,12,F10,Partition,Concrete,RB_L5_Fifth,57.35,59.36,12.36,12.46,13.7,16.2
Wall_RB_L5_F11_Kitchen,IfcWall,RB,5,13,F11,Partition,Concrete,RB_L5_Fifth,61.01,63.02,12.36,12.46,13.7,16.2
Wall_RB_L5_F12_Kitchen,IfcWall,RB,5,14,F12,Partition,Concrete,RB_L5_Fifth,64.67,66.68,12.36,12.46,13.7,16.2
Wall_RB_L5_F13_Kitchen,IfcWall,RB,5,15,F13,Partition,Concrete,RB_L5_Fifth,68.33,70.34,12.36,12.46,13.7,16.2
Wall_RB_L5_F14_Kitchen,IfcWall,RB,5,16,F14,Partition,Concrete,RB_L5_Fifth,71.99,74.0,12.36,12.46,13.7,16.2
Wall_RB_L5_F15_Kitchen,IfcWall,RB,5,17,F15,Partition,Concrete,RB_L5_Fifth,75.65,77.66,12.36,12.46,13.7,16.2
Wall_RB_L5_F16_Kitchen,IfcWall,RB,5,18,F16,Partition,Concrete,RB_L5_Fifth,79.31,81.32,12.36,12.46,13.7,16.2
Wall_RB_L5_N_CoreE,IfcWall,RB,5,19,CoreE,Exterior_N,Concrete,RB_L5_Fifth,82.97,86.33,17.12,17.42,13.7,14.7
Wall_RB_L5_N_CoreW,IfcWall,RB,5,2,CoreW,Exterior_N,Concrete,RB_L5_Fifth,20.75,24.11,17.12,17.42,13.7,14.7
Wall_RB_L5_N_EndE,IfcWall,RB,5,20,EndE,Exterior_N,Concrete,RB_L5_Fifth,86.63,93.5,17.12,17.42,13.7,14.7
Wall_RB_L5_N_EndW,IfcWall,RB,5,0,EndW,Exterior_N,Concrete,RB_L5_Fifth,13.58,20.45,17.12,17.42,13.7,14.7
Wall_RB_L5_N_F01,IfcWall,RB,5,3,F01,Exterior_N,Concrete,RB_L5_Fifth,24.41,27.77,17.12,17.42,13.7,14.7
Wall_RB_L5_N_F02,IfcWall,RB,5,4,F02,Exterior_N,Concrete,RB_L5_Fifth,28.07,31.43,17.12,17.42,13.7,14.7
Wall_RB_L5_N_F03,IfcWall,RB,5,5,F03,Exterior_N,Concrete,RB_L5_Fifth,31.73,35.09,17.12,17.42,13.7,14.7
Wall_RB_L5_N_F04,IfcWall,RB,5,6,F04,Exterior_N,Concrete,RB_L5_Fifth,35.39,38.75,17.12,17.42,13.7,14.7
Wall_RB_L5_N_F05,IfcWall,RB,5,7,F05,Exterior_N,Concrete,RB_L5_Fifth,39.05,42.41,17.12,17.42,13.7,14.7
Wall_RB_L5_N_F06,IfcWall,RB,5,8,F06,Exterior_N,Concrete,RB_L5_Fifth,42.71,46.07,17.12,17.42,13.7,14.7
Wall_RB_L5_N_F07,IfcWall,RB,5,9,F07,Exterior_N,Concrete,RB_L5_Fifth,46.37,49.73,17.12,17.42,13.7,14.7
Wall_RB_L5_N_F08,IfcWall,RB,5,10,F08,Exterior_N,Concrete,RB_L5_Fifth,50.03,53.39,17.12,17.42,13.7,14.7
Wall_RB_L5_N_F09,IfcWall,RB,5,11,F09,Exterior_N,Concrete,RB_L5_Fifth,53.69,57.05,17.12,17.42,13.7,14.7
Wall_RB_L5_N_F10,IfcWall,RB,5,12,F10,Exterior_N,Concrete,RB_L5_Fifth,57.35,60.71,17.12,17.42,13.7,14.7
Wall_RB_L5_N_F11,IfcWall,RB,5,13,F11,Exterior_N,Concrete,RB_L5_Fifth,61.01,64.37,17.12,17.42,13.7,14.7
Wall_RB_L5_N_F12,IfcWall,RB,5,14,F12,Exterior_N,Concrete,RB_L5_Fifth,64.67,68.03,17.12,17.42,13.7,14.7
Wall_RB_L5_N_F13,IfcWall,RB,5,15,F13,Exterior_N,Concrete,RB_L5_Fifth,68.33,71.69,17.12,17.42,13.7,14.7
Wall_RB_L5_N_F14,IfcWall,RB,5,16,F14,Exterior_N,Concrete,RB_L5_Fifth,71.99,75.35,17.12,17.42,13.7,14.7
Wall_RB_L5_N_F15,IfcWall,RB,5,17,F15,Exterior_N,Concrete,RB_L5_Fifth,75.65,79.01,17.12,17.42,13.7,14.7
Wall_RB_L5_N_F16,IfcWall,RB,5,18,F16,Exterior_N,Concrete,RB_L5_Fifth,79.31,82.67,17.12,17.42,13.7,14.7
Wall_RB_L5_Party_x24.26_s0,IfcWall,RB,5,3,F01,Party,Concrete,RB_L5_Fifth,24.11,24.41,7.52,8.52,13.7,16.2
Wall_RB_L5_Party_x24.26_s1,IfcWall,RB,5,3,F01,Party,Concrete,RB_L5_Fifth,24.11,24.41,8.92,12.21,13.7,16.2
Wall_RB_L5_Party_x24.26_s2,IfcWall,RB,5,3,F01,Party,Concrete,RB_L5_Fifth,24.11,24.41,12.61,16.0,13.7,16.2
Wall_RB_L5_Party_x24.26_s3,IfcWall,RB,5,3,F01,Party,Concrete,RB_L5_Fifth,24.11,24.41,16.4,17.42,13.7,16.2
Wall_RB_L5_Party_x27.92_s0,IfcWall,RB,5,4,F02,Party,Concrete,RB_L5_Fifth,27.77,28.07,7.52,8.52,13.7,16.2
Wall_RB_L5_Party_x27.92_s1,IfcWall,RB,5,4,F02,Party,Concrete,RB_L5_Fifth,27.77,28.07,8.92,12.21,13.7,16.2
Wall_RB_L5_Party_x27.92_s2,IfcWall,RB,5,4,F02,Party,Concrete,RB_L5_Fifth,27.77,28.07,12.61,16.0,13.7,16.2
Wall_RB_L5_Party_x27.92_s3,IfcWall,RB,5,4,F02,Party,Concrete,RB_L5_Fifth,27.77,28.07,16.4,17.42,13.7,16.2
Wall_RB_L5_Party_x31.58_s0,IfcWall,RB,5,5,F03,Party,Concrete,RB_L5_Fifth,31.43,31.73,7.52,8.52,13.7,16.2
Wall_RB_L5_Party_x31.58_s1,IfcWall,RB,5,5,F03,Party,Concrete,RB_L5_Fifth,31.43,31.73,8.92,12.21,13.7,16.2
Wall_RB_L5_Party_x31.58_s2,IfcWall,RB,5,5,F03,Party,Concrete,RB_L5_Fifth,31.43,31.73,12.61,16.0,13.7,16.2
Wall_RB_L5_Party_x31.58_s3,IfcWall,RB,5,5,F03,Party,Concrete,RB_L5_Fifth,31.43,31.73,16.4,17.42,13.7,16.2
Wall_RB_L5_Party_x35.24_s0,IfcWall,RB,5,6,F04,Party,Concrete,RB_L5_Fifth,35.09,35.39,7.52,8.52,13.7,16.2
Wall_RB_L5_Party_x35.24_s1,IfcWall,RB,5,6,F04,Party,Concrete,RB_L5_Fifth,35.09,35.39,8.92,12.21,13.7,16.2
Wall_RB_L5_Party_x35.24_s2,IfcWall,RB,5,6,F04,Party,Concrete,RB_L5_Fifth,35.09,35.39,12.61,16.0,13.7,16.2
Wall_RB_L5_Party_x35.24_s3,IfcWall,RB,5,6,F04,Party,Concrete,RB_L5_Fifth,35.09,35.39,16.4,17.42,13.7,16.2
Wall_RB_L5_Party_x38.90_s0,IfcWall,RB,5,7,F05,Party,Concrete,RB_L5_Fifth,38.75,39.05,7.52,8.52,13.7,16.2
Wall_RB_L5_Party_x38.90_s1,IfcWall,RB,5,7,F05,Party,Concrete,RB_L5_Fifth,38.75,39.05,8.92,12.21,13.7,16.2
Wall_RB_L5_Party_x38.90_s2,IfcWall,RB,5,7,F05,Party,Concrete,RB_L5_Fifth,38.75,39.05,12.61,16.0,13.7,16.2
Wall_RB_L5_Party_x38.90_s3,IfcWall,RB,5,7,F05,Party,Concrete,RB_L5_Fifth,38.75,39.05,16.4,17.42,13.7,16.2
Wall_RB_L5_Party_x42.56_s0,IfcWall,RB,5,8,F06,Party,Concrete,RB_L5_Fifth,42.41,42.71,7.52,8.52,13.7,16.2
Wall_RB_L5_Party_x42.56_s1,IfcWall,RB,5,8,F06,Party,Concrete,RB_L5_Fifth,42.41,42.71,8.92,12.21,13.7,16.2
Wall_RB_L5_Party_x42.56_s2,IfcWall,RB,5,8,F06,Party,Concrete,RB_L5_Fifth,42.41,42.71,12.61,16.0,13.7,16.2
Wall_RB_L5_Party_x42.56_s3,IfcWall,RB,5,8,F06,Party,Concrete,RB_L5_Fifth,42.41,42.71,16.4,17.42,13.7,16.2
Wall_RB_L5_Party_x46.22_s0,IfcWall,RB,5,9,F07,Party,Concrete,RB_L5_Fifth,46.07,46.37,7.52,8.52,13.7,16.2
Wall_RB_L5_Party_x46.22_s1,IfcWall,RB,5,9,F07,Party,Concrete,RB_L5_Fifth,46.07,46.37,8.92,12.21,13.7,16.2
Wall_RB_L5_Party_x46.22_s2,IfcWall,RB,5,9,F07,Party,Concrete,RB_L5_Fifth,46.07,46.37,12.61,16.0,13.7,16.2
Wall_RB_L5_Party_x46.22_s3,IfcWall,RB,5,9,F07,Party,Concrete,RB_L5_Fifth,46.07,46.37,16.4,17.42,13.7,16.2
Wall_RB_L5_Party_x49.88_s0,IfcWall,RB,5,10,F08,Party,Concrete,RB_L5_Fifth,49.73,50.03,7.52,8.52,13.7,16.2
Wall_RB_L5_Party_x49.88_s1,IfcWall,RB,5,10,F08,Party,Concrete,RB_L5_Fifth,49.73,50.03,8.92,12.21,13.7,16.2
Wall_RB_L5_Party_x49.88_s2,IfcWall,RB,5,10,F08,Party,Concrete,RB_L5_Fifth,49.73,50.03,12.61,16.0,13.7,16.2
Wall_RB_L5_Party_x49.88_s3,IfcWall,RB,5,10,F08,Party,Concrete,RB_L5_Fifth,49.73,50.03,16.4,17.42,13.7,16.2
Wall_RB_L5_Party_x53.54_s0,IfcWall,RB,5,11,F09,Party,Concrete,RB_L5_Fifth,53.39,53.69,7.52,8.52,13.7,16.2
Wall_RB_L5_Party_x53.54_s1,IfcWall,RB,5,11,F09,Party,Concrete,RB_L5_Fifth,53.39,53.69,8.92,12.21,13.7,16.2
Wall_RB_L5_Party_x53.54_s2,IfcWall,RB,5,11,F09,Party,Concrete,RB_L5_Fifth,53.39,53.69,12.61,16.0,13.7,16.2
Wall_RB_L5_Party_x53.54_s3,IfcWall,RB,5,11,F09,Party,Concrete,RB_L5_Fifth,53.39,53.69,16.4,17.42,13.7,16.2
Wall_RB_L5_Party_x57.20_s0,IfcWall,RB,5,12,F10,Party,Concrete,RB_L5_Fifth,57.05,57.35,7.52,8.52,13.7,16.2
Wall_RB_L5_Party_x57.20_s1,IfcWall,RB,5,12,F10,Party,Concrete,RB_L5_Fifth,57.05,57.35,8.92,12.21,13.7,16.2
Wall_RB_L5_Party_x57.20_s2,IfcWall,RB,5,12,F10,Party,Concrete,RB_L5_Fifth,57.05,57.35,12.61,16.0,13.7,16.2
Wall_RB_L5_Party_x57.20_s3,IfcWall,RB,5,12,F10,Party,Concrete,RB_L5_Fifth,57.05,57.35,16.4,17.42,13.7,16.2
Wall_RB_L5_Party_x60.86_s0,IfcWall,RB,5,13,F11,Party,Concrete,RB_L5_Fifth,60.71,61.01,7.52,8.52,13.7,16.2
Wall_RB_L5_Party_x60.86_s1,IfcWall,RB,5,13,F11,Party,Concrete,RB_L5_Fifth,60.71,61.01,8.92,12.21,13.7,16.2
Wall_RB_L5_Party_x60.86_s2,IfcWall,RB,5,13,F11,Party,Concrete,RB_L5_Fifth,60.71,61.01,12.61,16.0,13.7,16.2
Wall_RB_L5_Party_x60.86_s3,IfcWall,RB,5,13,F11,Party,Concrete,RB_L5_Fifth,60.71,61.01,16.4,17.42,13.7,16.2
Wall_RB_L5_Party_x64.52_s0,IfcWall,RB,5,14,F12,Party,Concrete,RB_L5_Fifth,64.37,64.67,7.52,8.52,13.7,16.2
Wall_RB_L5_Party_x64.52_s1,IfcWall,RB,5,14,F12,Party,Concrete,RB_L5_Fifth,64.37,64.67,8.92,12.21,13.7,16.2
Wall_RB_L5_Party_x64.52_s2,IfcWall,RB,5,14,F12,Party,Concrete,RB_L5_Fifth,64.37,64.67,12.61,16.0,13.7,16.2
Wall_RB_L5_Party_x64.52_s3,IfcWall,RB,5,14,F12,Party,Concrete,RB_L5_Fifth,64.37,64.67,16.4,17.42,13.7,16.2
Wall_RB_L5_Party_x68.18_s0,IfcWall,RB,5,15,F13,Party,Concrete,RB_L5_Fifth,68.03,68.33,7.52,8.52,13.7,16.2
Wall_RB_L5_Party_x68.18_s1,IfcWall,RB,5,15,F13,Party,Concrete,RB_L5_Fifth,68.03,68.33,8.92,12.21,13.7,16.2
Wall_RB_L5_Party_x68.18_s2,IfcWall,RB,5,15,F13,Party,Concrete,RB_L5_Fifth,68.03,68.33,12.61,16.0,13.7,16.2
Wall_RB_L5_Party_x68.18_s3,IfcWall,RB,5,15,F13,Party,Concrete,RB_L5_Fifth,68.03,68.33,16.4,17.42,13.7,16.2
Wall_RB_L5_Party_x71.84_s0,IfcWall,RB,5,16,F14,Party,Concrete,RB_L5_Fifth,71.69,71.99,7.52,8.52,13.7,16.2
Wall_RB_L5_Party_x71.84_s1,IfcWall,RB,5,16,F14,Party,Concrete,RB_L5_Fifth,71.69,71.99,8.92,12.21,13.7,16.2
Wall_RB_L5_Party_x71.84_s2,IfcWall,RB,5,16,F14,Party,Concrete,RB_L5_Fifth,71.69,71.99,12.61,16.0,13.7,16.2
Wall_RB_L5_Party_x71.84_s3,IfcWall,RB,5,16,F14,Party,Concrete,RB_L5_Fifth,71.69,71.99,16.4,17.42,13.7,16.2
Wall_RB_L5_Party_x75.50_s0,IfcWall,RB,5,17,F15,Party,Concrete,RB_L5_Fifth,75.35,75.65,7.52,8.52,13.7,16.2
Wall_RB_L5_Party_x75.50_s1,IfcWall,RB,5,17,F15,Party,Concrete,RB_L5_Fifth,75.35,75.65,8.92,12.21,13.7,16.2
Wall_RB_L5_Party_x75.50_s2,IfcWall,RB,5,17,F15,Party,Concrete,RB_L5_Fifth,75.35,75.65,12.61,16.0,13.7,16.2
Wall_RB_L5_Party_x75.50_s3,IfcWall,RB,5,17,F15,Party,Concrete,RB_L5_Fifth,75.35,75.65,16.4,17.42,13.7,16.2
Wall_RB_L5_Party_x79.16_s0,IfcWall,RB,5,18,F16,Party,Concrete,RB_L5_Fifth,79.01,79.31,7.52,8.52,13.7,16.2
Wall_RB_L5_Party_x79.16_s1,IfcWall,RB,5,18,F16,Party,Concrete,RB_L5_Fifth,79.01,79.31,8.92,12.21,13.7,16.2
Wall_RB_L5_Party_x79.16_s2,IfcWall,RB,5,18,F16,Party,Concrete,RB_L5_Fifth,79.01,79.31,12.61,16.0,13.7,16.2
Wall_RB_L5_Party_x79.16_s3,IfcWall,RB,5,18,F16,Party,Concrete,RB_L5_Fifth,79.01,79.31,16.4,17.42,13.7,16.2
Wall_RB_L5_Party_x82.82_s0,IfcWall,RB,5,19,F16/CoreE,Party,Concrete,RB_L5_Fifth,82.67,82.97,7.52,8.52,13.7,16.2
Wall_RB_L5_Party_x82.82_s1,IfcWall,RB,5,19,F16/CoreE,Party,Concrete,RB_L5_Fifth,82.67,82.97,8.92,12.21,13.7,16.2
Wall_RB_L5_Party_x82.82_s2,IfcWall,RB,5,19,F16/CoreE,Party,Concrete,RB_L5_Fifth,82.67,82.97,12.61,16.0,13.7,16.2
Wall_RB_L5_Party_x82.82_s3,IfcWall,RB,5,19,F16/CoreE,Party,Concrete,RB_L5_Fifth,82.67,82.97,16.4,17.42,13.7,16.2
Wall_RB_L5_S_CoreE,IfcWall,RB,5,19,CoreE,Exterior_S,Concrete,RB_L5_Fifth,82.97,86.33,7.52,7.82,13.7,14.7
Wall_RB_L5_S_CoreW,IfcWall,RB,5,2,CoreW,Exterior_S,Concrete,RB_L5_Fifth,20.75,24.11,7.52,7.82,13.7,14.7
Wall_RB_L5_S_EndE,IfcWall,RB,5,20,EndE,Exterior_S,Concrete,RB_L5_Fifth,86.63,93.5,7.52,7.82,13.7,14.7
Wall_RB_L5_S_EndW,IfcWall,RB,5,0,EndW,Exterior_S,Concrete,RB_L5_Fifth,13.58,20.45,7.52,7.82,13.7,14.7
Wall_RB_L5_S_F01,IfcWall,RB,5,3,F01,Exterior_S,Concrete,RB_L5_Fifth,24.41,27.77,7.52,7.82,13.7,14.7
Wall_RB_L5_S_F02,IfcWall,RB,5,4,F02,Exterior_S,Concrete,RB_L5_Fifth,28.07,31.43,7.52,7.82,13.7,14.7
Wall_RB_L5_S_F03,IfcWall,RB,5,5,F03,Exterior_S,Concrete,RB_L5_Fifth,31.73,35.09,7.52,7.82,13.7,14.7
Wall_RB_L5_S_F04,IfcWall,RB,5,6,F04,Exterior_S,Concrete,RB_L5_Fifth,35.39,38.75,7.52,7.82,13.7,14.7
Wall_RB_L5_S_F05,IfcWall,RB,5,7,F05,Exterior_S,Concrete,RB_L5_Fifth,39.05,42.41,7.52,7.82,13.7,14.7
Wall_RB_L5_S_F06,IfcWall,RB,5,8,F06,Exterior_S,Concrete,RB_L5_Fifth,42.71,46.07,7.52,7.82,13.7,14.7
Wall_RB_L5_S_F07,IfcWall,RB,5,9,F07,Exterior_S,Concrete,RB_L5_Fifth,46.37,49.73,7.52,7.82,13.7,14.7
Wall_RB_L5_S_F08,IfcWall,RB,5,10,F08,Exterior_S,Concrete,RB_L5_Fifth,50.03,53.39,7.52,7.82,13.7,14.7
Wall_RB_L5_S_F09,IfcWall,RB,5,11,F09,Exterior_S,Concrete,RB_L5_Fifth,53.69,57.05,7.52,7.82,13.7,14.7
Wall_RB_L5_S_F10,IfcWall,RB,5,12,F10,Exterior_S,Concrete,RB_L5_Fifth,57.35,60.71,7.52,7.82,13.7,14.7
Wall_RB_L5_S_F11,IfcWall,RB,5,13,F11,Exterior_S,Concrete,RB_L5_Fifth,61.01,64.37,7.52,7.82,13.7,14.7
Wall_RB_L5_S_F12,IfcWall,RB,5,14,F12,Exterior_S,Concrete,RB_L5_Fifth,64.67,68.03,7.52,7.82,13.7,14.7
Wall_RB_L5_S_F13,IfcWall,RB,5,15,F13,Exterior_S,Concrete,RB_L5_Fifth,68.33,71.69,7.52,7.82,13.7,14.7
Wall_RB_L5_S_F14,IfcWall,RB,5,16,F14,Exterior_S,Concrete,RB_L5_Fifth,71.99,75.35,7.52,7.82,13.7,14.7
Wall_RB_L5_S_F15,IfcWall,RB,5,17,F15,Exterior_S,Concrete,RB_L5_Fifth,75.65,79.01,7.52,7.82,13.7,14.7
Wall_RB_L5_S_F16,IfcWall,RB,5,18,F16,Exterior_S,Concrete,RB_L5_Fifth,79.31,82.67,7.52,7.82,13.7,14.7
Wall_RB_L5_W_EndW_s0,IfcWall,RB,5,0,EndW,Exterior_W,Concrete,RB_L5_Fifth,13.28,13.58,7.52,10.95,13.7,14.7
Wall_RB_L5_W_EndW_s1,IfcWall,RB,5,0,EndW,Exterior_W,Concrete,RB_L5_Fifth,13.28,13.58,11.85,17.42,13.7,14.7
Wall_RB_L6_CoreE_S,IfcWall,RB,6,19,CoreE,CoreWall,Concrete,RB_L6_Roof,82.97,86.33,12.31,12.51,16.5,20.7
Wall_RB_L6_CoreE_x82.82,IfcWall,RB,6,19,CoreE,Core,Concrete,RB_L6_Roof,82.67,82.97,12.31,17.42,16.5,20.7
Wall_RB_L6_CoreE_x86.48,IfcWall,RB,6,19,CoreE,Core,Concrete,RB_L6_Roof,86.33,86.63,12.31,17.42,16.5,20.7
Wall_RB_L6_CoreW_S,IfcWall,RB,6,2,CoreW,CoreWall,Concrete,RB_L6_Roof,20.75,24.11,12.31,12.51,16.5,20.7
Wall_RB_L6_N_CoreE,IfcWall,RB,6,19,CoreE,Exterior_N,Concrete,RB_L6_Roof,82.97,86.33,17.12,17.42,16.5,17.5
Window_BR_L1_E,IfcWindow,BR,1,0,Bridge,RibbonWindow,Glass,BR_Bridge,15.445,15.495,-2.08,7.52,3.5,5.0
Window_BR_L1_W,IfcWindow,BR,1,0,Bridge,RibbonWindow,Glass,BR_Bridge,13.405,13.455,-2.08,7.52,3.5,5.0
Window_CB_L0_E_Core,IfcWindow,CB,0,-1,CoreCB,RibbonWindow,Glass,CB_L0_Ground,15.445,15.495,-5.78,-2.38,1.0,2.2
Window_CB_L0_E_Glazing,IfcWindow,CB,0,-1,Hall,CurtainWall,Glass,CB_L0_Ground,16.545,16.595,-16.04,-5.48,0.0,2.2
Window_CB_L0_N_Core,IfcWindow,CB,0,-1,CoreCB,RibbonWindow,Glass,CB_L0_Ground,6.37,15.62,-2.255,-2.205,1.0,2.2
Window_CB_L0_N_HallE,IfcWindow,CB,0,-1,Hall,RibbonWindow,Glass,CB_L0_Ground,15.62,16.42,-5.655,-5.605,1.0,2.2
Window_CB_L0_S_Hall,IfcWindow,CB,0,-1,Hall,RibbonWindow,Glass,CB_L0_Ground,6.37,16.42,-15.915,-15.865,1.0,2.2
Window_CB_L0_W_Core,IfcWindow,CB,0,-1,CoreCB,RibbonWindow,Glass,CB_L0_Ground,6.195,6.245,-5.48,-2.08,1.0,2.2
Window_CB_L0_W_Hall,IfcWindow,CB,0,-1,Hall,RibbonWindow,Glass,CB_L0_Ground,6.195,6.245,-16.04,-5.48,1.0,2.2
Window_CB_L1_E_Core,IfcWindow,CB,1,-1,CoreCB,RibbonWindow,Glass,CB_L1_First,15.445,15.495,-5.78,-2.38,3.5,5.0
Window_CB_L1_E_Glazing,IfcWindow,CB,1,-1,Hall,CurtainWall,Glass,CB_L1_First,16.545,16.595,-16.04,-5.48,2.5,5.0
Window_CB_L1_N_Core,IfcWindow,CB,1,-1,CoreCB,RibbonWindow,Glass,CB_L1_First,6.37,15.62,-2.255,-2.205,3.5,5.0
Window_CB_L1_N_HallE,IfcWindow,CB,1,-1,Hall,RibbonWindow,Glass,CB_L1_First,15.62,16.42,-5.655,-5.605,3.5,5.0
Window_CB_L1_S_Hall,IfcWindow,CB,1,-1,Hall,RibbonWindow,Glass,CB_L1_First,6.37,16.42,-15.915,-15.865,3.5,5.0
Window_CB_L1_W_Core,IfcWindow,CB,1,-1,CoreCB,RibbonWindow,Glass,CB_L1_First,6.195,6.245,-5.48,-2.08,3.5,5.0
Window_CB_L1_W_Hall,IfcWindow,CB,1,-1,Hall,RibbonWindow,Glass,CB_L1_First,6.195,6.245,-16.04,-5.48,3.5,5.0
Window_CB_L2_E_Core,IfcWindow,CB,2,-1,CoreCB,RibbonWindow,Glass,CB_L2_Hall,15.445,15.495,-5.78,-2.38,6.3,8.1
Window_CB_L2_E_Glazing,IfcWindow,CB,2,-1,Hall,CurtainWall,Glass,CB_L2_Hall,16.545,16.595,-16.04,-5.48,5.3,8.1
Window_CB_L2_N_Core,IfcWindow,CB,2,-1,CoreCB,RibbonWindow,Glass,CB_L2_Hall,6.37,15.62,-2.255,-2.205,6.3,8.1
Window_CB_L2_N_HallE,IfcWindow,CB,2,-1,Hall,RibbonWindow,Glass,CB_L2_Hall,15.62,16.42,-5.655,-5.605,6.3,8.1
Window_CB_L2_S_Hall,IfcWindow,CB,2,-1,Hall,RibbonWindow,Glass,CB_L2_Hall,6.37,16.42,-15.915,-15.865,6.3,8.1
Window_CB_L2_W_Core,IfcWindow,CB,2,-1,CoreCB,RibbonWindow,Glass,CB_L2_Hall,6.195,6.245,-5.48,-2.08,6.3,8.1
Window_CB_L2_W_Hall,IfcWindow,CB,2,-1,Hall,RibbonWindow,Glass,CB_L2_Hall,6.195,6.245,-16.04,-5.48,6.3,8.1
Window_CB_L3_E_Core,IfcWindow,CB,3,-1,CoreCB,RibbonWindow,Glass,CB_L3_Gallery,15.445,15.495,-5.78,-2.38,9.4,10.6
Window_CB_L3_E_Glazing,IfcWindow,CB,3,-1,Hall,CurtainWall,Glass,CB_L3_Gallery,16.545,16.595,-16.04,-5.48,8.4,10.6
Window_CB_L3_N_Core,IfcWindow,CB,3,-1,CoreCB,RibbonWindow,Glass,CB_L3_Gallery,6.37,15.62,-2.255,-2.205,9.4,10.6
Window_CB_L3_N_HallE,IfcWindow,CB,3,-1,Hall,RibbonWindow,Glass,CB_L3_Gallery,15.62,16.42,-5.655,-5.605,9.4,10.6
Window_CB_L3_S_Hall,IfcWindow,CB,3,-1,Hall,RibbonWindow,Glass,CB_L3_Gallery,6.37,16.42,-15.915,-15.865,9.4,10.6
Window_CB_L3_W_Core,IfcWindow,CB,3,-1,CoreCB,RibbonWindow,Glass,CB_L3_Gallery,6.195,6.245,-5.48,-2.08,9.4,10.6
Window_CB_L3_W_Hall,IfcWindow,CB,3,-1,Hall,RibbonWindow,Glass,CB_L3_Gallery,6.195,6.245,-16.04,-5.48,9.4,10.6
Window_CB_L4_E_Core,IfcWindow,CB,4,-1,CoreCB,RibbonWindow,Glass,CB_Roof,15.445,15.495,-5.78,-2.38,11.9,13.2
Window_CB_L4_N_Core,IfcWindow,CB,4,-1,CoreCB,RibbonWindow,Glass,CB_Roof,6.37,15.62,-2.255,-2.205,11.9,13.2
Window_CB_L4_W_Core,IfcWindow,CB,4,-1,CoreCB,RibbonWindow,Glass,CB_Roof,6.195,6.245,-5.48,-2.08,11.9,13.2
Window_PH_L6_E,IfcWindow,PH,6,-1,Penthouse,RibbonWindow,Glass,RB_L6_Roof,46.045,46.095,9.82,17.42,17.5,20.7
Window_PH_L6_N,IfcWindow,PH,6,-1,Penthouse,RibbonWindow,Glass,RB_L6_Roof,17.24,45.92,17.245,17.295,17.5,20.7
Window_PH_L6_S,IfcWindow,PH,6,-1,Penthouse,RibbonWindow,Glass,RB_L6_Roof,17.24,45.92,9.945,9.995,17.5,20.7
Window_PH_L6_W,IfcWindow,PH,6,-1,Penthouse,RibbonWindow,Glass,RB_L6_Roof,17.065,17.115,9.82,17.42,17.5,20.7
Window_RB_L0_Lobby_Curved,IfcWindow,RB,0,7,Lobby,CurvedGlazing,Glass,RB_L0_Pilotis,40.2,43.385,9.855,16.225,0.0,2.2
Window_RB_L0_N_Caretaker,IfcWindow,RB,0,1,Caretaker,RibbonWindow,Glass,RB_L0_Pilotis,17.24,20.3,16.175,16.225,1.0,2.2
Window_RB_L0_N_CoreE,IfcWindow,RB,0,19,CoreE,RibbonWindow,Glass,RB_L0_Pilotis,82.97,86.33,17.245,17.295,1.0,2.2
Window_RB_L0_N_CoreW,IfcWindow,RB,0,2,CoreW,RibbonWindow,Glass,RB_L0_Pilotis,20.75,24.11,17.245,17.295,1.0,2.2
Window_RB_L0_N_Lobby_s0,IfcWindow,RB,0,3,Lobby,RibbonWindow,Glass,RB_L0_Pilotis,24.56,27.62,16.175,16.225,1.0,2.2
Window_RB_L0_N_Lobby_s1,IfcWindow,RB,0,3,Lobby,RibbonWindow,Glass,RB_L0_Pilotis,28.22,31.28,16.175,16.225,1.0,2.2
Window_RB_L0_N_Lobby_s2,IfcWindow,RB,0,3,Lobby,RibbonWindow,Glass,RB_L0_Pilotis,31.88,34.94,16.175,16.225,1.0,2.2
Window_RB_L0_N_Lobby_s3,IfcWindow,RB,0,3,Lobby,RibbonWindow,Glass,RB_L0_Pilotis,35.54,38.6,16.175,16.225,1.0,2.2
Window_RB_L0_N_Lobby_s4,IfcWindow,RB,0,3,Lobby,RibbonWindow,Glass,RB_L0_Pilotis,39.2,40.2,16.175,16.225,1.0,2.2
Window_RB_L0_S_Caretaker,IfcWindow,RB,0,1,Caretaker,RibbonWindow,Glass,RB_L0_Pilotis,17.24,20.45,10.005,10.055,1.0,2.2
Window_RB_L0_S_Lobby,IfcWindow,RB,0,3,Lobby,RibbonWindow,Glass,RB_L0_Pilotis,24.41,40.2,10.005,10.055,1.0,2.2
Window_RB_L0_S_Vestibule,IfcWindow,RB,0,2,Vestibule,RibbonWindow,Glass,RB_L0_Pilotis,20.75,24.11,10.005,10.055,1.0,2.2
Window_RB_L0_VestibuleE_Curved_180,IfcWindow,RB,0,19,VestibuleE,CurvedGlazing,Glass,RB_L0_Pilotis,82.795,84.213,9.83,11.63,0.0,2.2
Window_RB_L0_VestibuleE_Curved_284,IfcWindow,RB,0,19,VestibuleE,CurvedGlazing,Glass,RB_L0_Pilotis,85.087,86.505,9.83,11.63,0.0,2.2
Window_RB_L0_W_Caretaker_s0,IfcWindow,RB,0,1,Caretaker,RibbonWindow,Glass,RB_L0_Pilotis,17.065,17.115,9.88,12.11,1.0,2.2
Window_RB_L0_W_Caretaker_s1,IfcWindow,RB,0,1,Caretaker,RibbonWindow,Glass,RB_L0_Pilotis,17.065,17.115,12.71,15.9,1.0,2.2
Window_RB_L1_E_EndE,IfcWindow,RB,1,21,EndE,RibbonWindow,Glass,RB_L1_First,93.625,93.675,9.82,17.42,3.5,5.0
Window_RB_L1_N_CoreE,IfcWindow,RB,1,19,CoreE,RibbonWindow,Glass,RB_L1_First,82.97,86.33,17.245,17.295,3.5,5.0
Window_RB_L1_N_CoreW,IfcWindow,RB,1,2,CoreW,RibbonWindow,Glass,RB_L1_First,20.75,24.11,17.245,17.295,3.5,5.0
Window_RB_L1_N_EndE,IfcWindow,RB,1,20,EndE,RibbonWindow,Glass,RB_L1_First,86.63,93.5,17.245,17.295,3.5,5.0
Window_RB_L1_N_EndW,IfcWindow,RB,1,0,EndW,RibbonWindow,Glass,RB_L1_First,13.58,20.45,17.245,17.295,3.5,5.0
Window_RB_L1_N_K01,IfcWindow,RB,1,3,K01,RibbonWindow,Glass,RB_L1_First,24.41,31.43,17.245,17.295,3.5,5.0
Window_RB_L1_N_K02,IfcWindow,RB,1,5,K02,RibbonWindow,Glass,RB_L1_First,31.73,38.75,17.245,17.295,3.5,5.0
Window_RB_L1_N_K03,IfcWindow,RB,1,7,K03,RibbonWindow,Glass,RB_L1_First,39.05,46.07,17.245,17.295,3.5,5.0
Window_RB_L1_N_K04,IfcWindow,RB,1,9,K04,RibbonWindow,Glass,RB_L1_First,46.37,53.39,17.245,17.295,3.5,5.0
Window_RB_L1_N_K05,IfcWindow,RB,1,11,K05,RibbonWindow,Glass,RB_L1_First,53.69,60.71,17.245,17.295,3.5,5.0
Window_RB_L1_N_K06,IfcWindow,RB,1,13,K06,RibbonWindow,Glass,RB_L1_First,61.01,68.03,17.245,17.295,3.5,5.0
Window_RB_L1_N_K07,IfcWindow,RB,1,15,K07,RibbonWindow,Glass,RB_L1_First,68.33,75.35,17.245,17.295,3.5,5.0
Window_RB_L1_N_K08,IfcWindow,RB,1,17,K08,RibbonWindow,Glass,RB_L1_First,75.65,82.67,17.245,17.295,3.5,5.0
Window_RB_L1_S_CoreE,IfcWindow,RB,1,19,Corridor1,RibbonWindow,Glass,RB_L1_First,82.82,86.48,9.945,9.995,3.5,5.0
Window_RB_L1_S_CoreW,IfcWindow,RB,1,2,Corridor1,RibbonWindow,Glass,RB_L1_First,20.6,24.26,9.945,9.995,3.5,5.0
Window_RB_L1_S_EndE,IfcWindow,RB,1,20,EndE,RibbonWindow,Glass,RB_L1_First,86.48,93.5,9.945,9.995,3.5,5.0
Window_RB_L1_S_EndW,IfcWindow,RB,1,0,Corridor1,RibbonWindow,Glass,RB_L1_First,15.62,20.6,9.945,9.995,3.5,5.0
Window_RB_L1_S_K01,IfcWindow,RB,1,3,Corridor1,RibbonWindow,Glass,RB_L1_First,24.26,31.58,9.945,9.995,3.5,5.0
Window_RB_L1_S_K02,IfcWindow,RB,1,5,Corridor1,RibbonWindow,Glass,RB_L1_First,31.58,38.9,9.945,9.995,3.5,5.0
Window_RB_L1_S_K03,IfcWindow,RB,1,7,Corridor1,RibbonWindow,Glass,RB_L1_First,38.9,46.22,9.945,9.995,3.5,5.0
Window_RB_L1_S_K04,IfcWindow,RB,1,9,Corridor1,RibbonWindow,Glass,RB_L1_First,46.22,53.54,9.945,9.995,3.5,5.0
Window_RB_L1_S_K05,IfcWindow,RB,1,11,Corridor1,RibbonWindow,Glass,RB_L1_First,53.54,60.86,9.945,9.995,3.5,5.0
Window_RB_L1_S_K06,IfcWindow,RB,1,13,Corridor1,RibbonWindow,Glass,RB_L1_First,60.86,68.18,9.945,9.995,3.5,5.0
Window_RB_L1_S_K07,IfcWindow,RB,1,15,Corridor1,RibbonWindow,Glass,RB_L1_First,68.18,75.5,9.945,9.995,3.5,5.0
Window_RB_L1_S_K08,IfcWindow,RB,1,17,Corridor1,RibbonWindow,Glass,RB_L1_First,75.5,82.82,9.945,9.995,3.5,5.0
Window_RB_L1_W_EndW,IfcWindow,RB,1,0,Corridor1/EndW,RibbonWindow,Glass,RB_L1_First,13.405,13.455,7.52,17.42,3.5,5.0
Window_RB_L2_E_EndE,IfcWindow,RB,2,21,EndE,RibbonWindow,Glass,RB_L2_Second,93.625,93.675,7.52,17.42,6.3,7.8
Window_RB_L2_N_CoreE,IfcWindow,RB,2,19,CoreE,RibbonWindow,Glass,RB_L2_Second,82.97,86.33,17.245,17.295,6.3,7.8
Window_RB_L2_N_CoreW,IfcWindow,RB,2,2,CoreW,RibbonWindow,Glass,RB_L2_Second,20.75,24.11,17.245,17.295,6.3,7.8
Window_RB_L2_N_EndE,IfcWindow,RB,2,20,EndE,RibbonWindow,Glass,RB_L2_Second,86.63,93.5,17.245,17.295,6.3,7.8
Window_RB_L2_N_EndW,IfcWindow,RB,2,0,EndW,RibbonWindow,Glass,RB_L2_Second,13.58,20.45,17.245,17.295,6.3,7.8
Window_RB_L2_N_K01,IfcWindow,RB,2,3,K01,RibbonWindow,Glass,RB_L2_Second,24.41,31.43,17.245,17.295,6.3,7.8
Window_RB_L2_N_K02,IfcWindow,RB,2,5,K02,RibbonWindow,Glass,RB_L2_Second,31.73,38.75,17.245,17.295,6.3,7.8
Window_RB_L2_N_K03,IfcWindow,RB,2,7,K03,RibbonWindow,Glass,RB_L2_Second,39.05,46.07,17.245,17.295,6.3,7.8
Window_RB_L2_N_K04,IfcWindow,RB,2,9,K04,RibbonWindow,Glass,RB_L2_Second,46.37,53.39,17.245,17.295,6.3,7.8
Window_RB_L2_N_K05,IfcWindow,RB,2,11,K05,RibbonWindow,Glass,RB_L2_Second,53.69,60.71,17.245,17.295,6.3,7.8
Window_RB_L2_N_K06,IfcWindow,RB,2,13,K06,RibbonWindow,Glass,RB_L2_Second,61.01,68.03,17.245,17.295,6.3,7.8
Window_RB_L2_N_K07,IfcWindow,RB,2,15,K07,RibbonWindow,Glass,RB_L2_Second,68.33,75.35,17.245,17.295,6.3,7.8
Window_RB_L2_N_K08,IfcWindow,RB,2,17,K08,RibbonWindow,Glass,RB_L2_Second,75.65,82.67,17.245,17.295,6.3,7.8
Window_RB_L2_S_CoreE,IfcWindow,RB,2,19,CoreE,RibbonWindow,Glass,RB_L2_Second,82.97,86.33,7.645,7.695,6.3,7.8
Window_RB_L2_S_CoreW,IfcWindow,RB,2,2,CoreW,RibbonWindow,Glass,RB_L2_Second,20.75,24.11,7.645,7.695,6.3,7.8
Window_RB_L2_S_EndE,IfcWindow,RB,2,20,EndE,RibbonWindow,Glass,RB_L2_Second,86.63,93.5,7.645,7.695,6.3,7.8
Window_RB_L2_S_EndW,IfcWindow,RB,2,0,EndW,RibbonWindow,Glass,RB_L2_Second,13.58,20.45,7.645,7.695,6.3,7.8
Window_RB_L2_S_K01,IfcWindow,RB,2,3,K01,RibbonWindow,Glass,RB_L2_Second,24.41,31.43,7.645,7.695,6.3,7.8
Window_RB_L2_S_K02,IfcWindow,RB,2,5,K02,RibbonWindow,Glass,RB_L2_Second,31.73,38.75,7.645,7.695,6.3,7.8
Window_RB_L2_S_K03,IfcWindow,RB,2,7,K03,RibbonWindow,Glass,RB_L2_Second,39.05,46.07,7.645,7.695,6.3,7.8
Window_RB_L2_S_K04,IfcWindow,RB,2,9,K04,RibbonWindow,Glass,RB_L2_Second,46.37,53.39,7.645,7.695,6.3,7.8
Window_RB_L2_S_K05,IfcWindow,RB,2,11,K05,RibbonWindow,Glass,RB_L2_Second,53.69,60.71,7.645,7.695,6.3,7.8
Window_RB_L2_S_K06,IfcWindow,RB,2,13,K06,RibbonWindow,Glass,RB_L2_Second,61.01,68.03,7.645,7.695,6.3,7.8
Window_RB_L2_S_K07,IfcWindow,RB,2,15,K07,RibbonWindow,Glass,RB_L2_Second,68.33,75.35,7.645,7.695,6.3,7.8
Window_RB_L2_S_K08,IfcWindow,RB,2,17,K08,RibbonWindow,Glass,RB_L2_Second,75.65,82.67,7.645,7.695,6.3,7.8
Window_RB_L2_W_EndW,IfcWindow,RB,2,0,EndW,RibbonWindow,Glass,RB_L2_Second,13.405,13.455,7.52,17.42,6.3,7.8
Window_RB_L3_E_EndE,IfcWindow,RB,3,21,EndE,RibbonWindow,Glass,RB_L3_Third,93.625,93.675,7.52,17.42,9.1,10.6
Window_RB_L3_N_CoreE,IfcWindow,RB,3,19,CoreE,RibbonWindow,Glass,RB_L3_Third,82.97,86.33,17.245,17.295,9.1,10.6
Window_RB_L3_N_CoreW,IfcWindow,RB,3,2,CoreW,RibbonWindow,Glass,RB_L3_Third,20.75,24.11,17.245,17.295,9.1,10.6
Window_RB_L3_N_EndE,IfcWindow,RB,3,20,EndE,RibbonWindow,Glass,RB_L3_Third,86.63,93.5,17.245,17.295,9.1,10.6
Window_RB_L3_N_EndW,IfcWindow,RB,3,0,EndW,RibbonWindow,Glass,RB_L3_Third,13.58,20.45,17.245,17.295,9.1,10.6
Window_RB_L3_N_F01,IfcWindow,RB,3,3,F01,RibbonWindow,Glass,RB_L3_Third,24.41,27.77,17.245,17.295,9.1,10.6
Window_RB_L3_N_F02,IfcWindow,RB,3,4,F02,RibbonWindow,Glass,RB_L3_Third,28.07,31.43,17.245,17.295,9.1,10.6
Window_RB_L3_N_F03,IfcWindow,RB,3,5,F03,RibbonWindow,Glass,RB_L3_Third,31.73,35.09,17.245,17.295,9.1,10.6
Window_RB_L3_N_F04,IfcWindow,RB,3,6,F04,RibbonWindow,Glass,RB_L3_Third,35.39,38.75,17.245,17.295,9.1,10.6
Window_RB_L3_N_F05,IfcWindow,RB,3,7,F05,RibbonWindow,Glass,RB_L3_Third,39.05,42.41,17.245,17.295,9.1,10.6
Window_RB_L3_N_F06,IfcWindow,RB,3,8,F06,RibbonWindow,Glass,RB_L3_Third,42.71,46.07,17.245,17.295,9.1,10.6
Window_RB_L3_N_F07,IfcWindow,RB,3,9,F07,RibbonWindow,Glass,RB_L3_Third,46.37,49.73,17.245,17.295,9.1,10.6
Window_RB_L3_N_F08,IfcWindow,RB,3,10,F08,RibbonWindow,Glass,RB_L3_Third,50.03,53.39,17.245,17.295,9.1,10.6
Window_RB_L3_N_F09,IfcWindow,RB,3,11,F09,RibbonWindow,Glass,RB_L3_Third,53.69,57.05,17.245,17.295,9.1,10.6
Window_RB_L3_N_F10,IfcWindow,RB,3,12,F10,RibbonWindow,Glass,RB_L3_Third,57.35,60.71,17.245,17.295,9.1,10.6
Window_RB_L3_N_F11,IfcWindow,RB,3,13,F11,RibbonWindow,Glass,RB_L3_Third,61.01,64.37,17.245,17.295,9.1,10.6
Window_RB_L3_N_F12,IfcWindow,RB,3,14,F12,RibbonWindow,Glass,RB_L3_Third,64.67,68.03,17.245,17.295,9.1,10.6
Window_RB_L3_N_F13,IfcWindow,RB,3,15,F13,RibbonWindow,Glass,RB_L3_Third,68.33,71.69,17.245,17.295,9.1,10.6
Window_RB_L3_N_F14,IfcWindow,RB,3,16,F14,RibbonWindow,Glass,RB_L3_Third,71.99,75.35,17.245,17.295,9.1,10.6
Window_RB_L3_N_F15,IfcWindow,RB,3,17,F15,RibbonWindow,Glass,RB_L3_Third,75.65,79.01,17.245,17.295,9.1,10.6
Window_RB_L3_N_F16,IfcWindow,RB,3,18,F16,RibbonWindow,Glass,RB_L3_Third,79.31,82.67,17.245,17.295,9.1,10.6
Window_RB_L3_S_CoreE,IfcWindow,RB,3,19,CoreE,RibbonWindow,Glass,RB_L3_Third,82.97,86.33,7.645,7.695,9.1,10.6
Window_RB_L3_S_CoreW,IfcWindow,RB,3,2,CoreW,RibbonWindow,Glass,RB_L3_Third,20.75,24.11,7.645,7.695,9.1,10.6
Window_RB_L3_S_EndE,IfcWindow,RB,3,20,EndE,RibbonWindow,Glass,RB_L3_Third,86.63,93.5,7.645,7.695,9.1,10.6
Window_RB_L3_S_EndW,IfcWindow,RB,3,0,EndW,RibbonWindow,Glass,RB_L3_Third,13.58,20.45,7.645,7.695,9.1,10.6
Window_RB_L3_S_F01,IfcWindow,RB,3,3,F01,RibbonWindow,Glass,RB_L3_Third,24.41,27.77,7.645,7.695,9.1,10.6
Window_RB_L3_S_F02,IfcWindow,RB,3,4,F02,RibbonWindow,Glass,RB_L3_Third,28.07,31.43,7.645,7.695,9.1,10.6
Window_RB_L3_S_F03,IfcWindow,RB,3,5,F03,RibbonWindow,Glass,RB_L3_Third,31.73,35.09,7.645,7.695,9.1,10.6
Window_RB_L3_S_F04,IfcWindow,RB,3,6,F04,RibbonWindow,Glass,RB_L3_Third,35.39,38.75,7.645,7.695,9.1,10.6
Window_RB_L3_S_F05,IfcWindow,RB,3,7,F05,RibbonWindow,Glass,RB_L3_Third,39.05,42.41,7.645,7.695,9.1,10.6
Window_RB_L3_S_F06,IfcWindow,RB,3,8,F06,RibbonWindow,Glass,RB_L3_Third,42.71,46.07,7.645,7.695,9.1,10.6
Window_RB_L3_S_F07,IfcWindow,RB,3,9,F07,RibbonWindow,Glass,RB_L3_Third,46.37,49.73,7.645,7.695,9.1,10.6
Window_RB_L3_S_F08,IfcWindow,RB,3,10,F08,RibbonWindow,Glass,RB_L3_Third,50.03,53.39,7.645,7.695,9.1,10.6
Window_RB_L3_S_F09,IfcWindow,RB,3,11,F09,RibbonWindow,Glass,RB_L3_Third,53.69,57.05,7.645,7.695,9.1,10.6
Window_RB_L3_S_F10,IfcWindow,RB,3,12,F10,RibbonWindow,Glass,RB_L3_Third,57.35,60.71,7.645,7.695,9.1,10.6
Window_RB_L3_S_F11,IfcWindow,RB,3,13,F11,RibbonWindow,Glass,RB_L3_Third,61.01,64.37,7.645,7.695,9.1,10.6
Window_RB_L3_S_F12,IfcWindow,RB,3,14,F12,RibbonWindow,Glass,RB_L3_Third,64.67,68.03,7.645,7.695,9.1,10.6
Window_RB_L3_S_F13,IfcWindow,RB,3,15,F13,RibbonWindow,Glass,RB_L3_Third,68.33,71.69,7.645,7.695,9.1,10.6
Window_RB_L3_S_F14,IfcWindow,RB,3,16,F14,RibbonWindow,Glass,RB_L3_Third,71.99,75.35,7.645,7.695,9.1,10.6
Window_RB_L3_S_F15,IfcWindow,RB,3,17,F15,RibbonWindow,Glass,RB_L3_Third,75.65,79.01,7.645,7.695,9.1,10.6
Window_RB_L3_S_F16,IfcWindow,RB,3,18,F16,RibbonWindow,Glass,RB_L3_Third,79.31,82.67,7.645,7.695,9.1,10.6
Window_RB_L3_W_EndW,IfcWindow,RB,3,0,EndW,RibbonWindow,Glass,RB_L3_Third,13.405,13.455,7.52,17.42,9.1,10.6
Window_RB_L4_E_EndE,IfcWindow,RB,4,21,EndE,RibbonWindow,Glass,RB_L4_Fourth,93.625,93.675,7.52,17.42,11.9,13.4
Window_RB_L4_N_CoreE,IfcWindow,RB,4,19,CoreE,RibbonWindow,Glass,RB_L4_Fourth,82.97,86.33,17.245,17.295,11.9,13.4
Window_RB_L4_N_CoreW,IfcWindow,RB,4,2,CoreW,RibbonWindow,Glass,RB_L4_Fourth,20.75,24.11,17.245,17.295,11.9,13.4
Window_RB_L4_N_EndE,IfcWindow,RB,4,20,EndE,RibbonWindow,Glass,RB_L4_Fourth,86.63,93.5,17.245,17.295,11.9,13.4
Window_RB_L4_N_EndW,IfcWindow,RB,4,0,EndW,RibbonWindow,Glass,RB_L4_Fourth,13.58,20.45,17.245,17.295,11.9,13.4
Window_RB_L4_N_F01,IfcWindow,RB,4,3,F01,RibbonWindow,Glass,RB_L4_Fourth,24.41,27.77,17.245,17.295,11.9,13.4
Window_RB_L4_N_F02,IfcWindow,RB,4,4,F02,RibbonWindow,Glass,RB_L4_Fourth,28.07,31.43,17.245,17.295,11.9,13.4
Window_RB_L4_N_F03,IfcWindow,RB,4,5,F03,RibbonWindow,Glass,RB_L4_Fourth,31.73,35.09,17.245,17.295,11.9,13.4
Window_RB_L4_N_F04,IfcWindow,RB,4,6,F04,RibbonWindow,Glass,RB_L4_Fourth,35.39,38.75,17.245,17.295,11.9,13.4
Window_RB_L4_N_F05,IfcWindow,RB,4,7,F05,RibbonWindow,Glass,RB_L4_Fourth,39.05,42.41,17.245,17.295,11.9,13.4
Window_RB_L4_N_F06,IfcWindow,RB,4,8,F06,RibbonWindow,Glass,RB_L4_Fourth,42.71,46.07,17.245,17.295,11.9,13.4
Window_RB_L4_N_F07,IfcWindow,RB,4,9,F07,RibbonWindow,Glass,RB_L4_Fourth,46.37,49.73,17.245,17.295,11.9,13.4
Window_RB_L4_N_F08,IfcWindow,RB,4,10,F08,RibbonWindow,Glass,RB_L4_Fourth,50.03,53.39,17.245,17.295,11.9,13.4
Window_RB_L4_N_F09,IfcWindow,RB,4,11,F09,RibbonWindow,Glass,RB_L4_Fourth,53.69,57.05,17.245,17.295,11.9,13.4
Window_RB_L4_N_F10,IfcWindow,RB,4,12,F10,RibbonWindow,Glass,RB_L4_Fourth,57.35,60.71,17.245,17.295,11.9,13.4
Window_RB_L4_N_F11,IfcWindow,RB,4,13,F11,RibbonWindow,Glass,RB_L4_Fourth,61.01,64.37,17.245,17.295,11.9,13.4
Window_RB_L4_N_F12,IfcWindow,RB,4,14,F12,RibbonWindow,Glass,RB_L4_Fourth,64.67,68.03,17.245,17.295,11.9,13.4
Window_RB_L4_N_F13,IfcWindow,RB,4,15,F13,RibbonWindow,Glass,RB_L4_Fourth,68.33,71.69,17.245,17.295,11.9,13.4
Window_RB_L4_N_F14,IfcWindow,RB,4,16,F14,RibbonWindow,Glass,RB_L4_Fourth,71.99,75.35,17.245,17.295,11.9,13.4
Window_RB_L4_N_F15,IfcWindow,RB,4,17,F15,RibbonWindow,Glass,RB_L4_Fourth,75.65,79.01,17.245,17.295,11.9,13.4
Window_RB_L4_N_F16,IfcWindow,RB,4,18,F16,RibbonWindow,Glass,RB_L4_Fourth,79.31,82.67,17.245,17.295,11.9,13.4
Window_RB_L4_S_CoreE,IfcWindow,RB,4,19,CoreE,RibbonWindow,Glass,RB_L4_Fourth,82.82,86.33,7.645,7.695,11.9,13.4
Window_RB_L4_S_CoreW,IfcWindow,RB,4,2,CoreW,RibbonWindow,Glass,RB_L4_Fourth,20.75,24.26,7.645,7.695,11.9,13.4
Window_RB_L4_S_EndE,IfcWindow,RB,4,20,EndE,RibbonWindow,Glass,RB_L4_Fourth,86.63,93.5,7.645,7.695,11.9,13.4
Window_RB_L4_S_EndW,IfcWindow,RB,4,0,EndW,RibbonWindow,Glass,RB_L4_Fourth,13.58,20.45,7.645,7.695,11.9,13.4
Window_RB_L4_S_F01,IfcWindow,RB,4,3,Corridor4,RibbonWindow,Glass,RB_L4_Fourth,24.26,27.92,7.645,7.695,11.9,13.4
Window_RB_L4_S_F02,IfcWindow,RB,4,4,Corridor4,RibbonWindow,Glass,RB_L4_Fourth,27.92,31.58,7.645,7.695,11.9,13.4
Window_RB_L4_S_F03,IfcWindow,RB,4,5,Corridor4,RibbonWindow,Glass,RB_L4_Fourth,31.58,35.24,7.645,7.695,11.9,13.4
Window_RB_L4_S_F04,IfcWindow,RB,4,6,Corridor4,RibbonWindow,Glass,RB_L4_Fourth,35.24,38.9,7.645,7.695,11.9,13.4
Window_RB_L4_S_F05,IfcWindow,RB,4,7,Corridor4,RibbonWindow,Glass,RB_L4_Fourth,38.9,42.56,7.645,7.695,11.9,13.4
Window_RB_L4_S_F06,IfcWindow,RB,4,8,Corridor4,RibbonWindow,Glass,RB_L4_Fourth,42.56,46.22,7.645,7.695,11.9,13.4
Window_RB_L4_S_F07,IfcWindow,RB,4,9,Corridor4,RibbonWindow,Glass,RB_L4_Fourth,46.22,49.88,7.645,7.695,11.9,13.4
Window_RB_L4_S_F08,IfcWindow,RB,4,10,Corridor4,RibbonWindow,Glass,RB_L4_Fourth,49.88,53.54,7.645,7.695,11.9,13.4
Window_RB_L4_S_F09,IfcWindow,RB,4,11,Corridor4,RibbonWindow,Glass,RB_L4_Fourth,53.54,57.2,7.645,7.695,11.9,13.4
Window_RB_L4_S_F10,IfcWindow,RB,4,12,Corridor4,RibbonWindow,Glass,RB_L4_Fourth,57.2,60.86,7.645,7.695,11.9,13.4
Window_RB_L4_S_F11,IfcWindow,RB,4,13,Corridor4,RibbonWindow,Glass,RB_L4_Fourth,60.86,64.52,7.645,7.695,11.9,13.4
Window_RB_L4_S_F12,IfcWindow,RB,4,14,Corridor4,RibbonWindow,Glass,RB_L4_Fourth,64.52,68.18,7.645,7.695,11.9,13.4
Window_RB_L4_S_F13,IfcWindow,RB,4,15,Corridor4,RibbonWindow,Glass,RB_L4_Fourth,68.18,71.84,7.645,7.695,11.9,13.4
Window_RB_L4_S_F14,IfcWindow,RB,4,16,Corridor4,RibbonWindow,Glass,RB_L4_Fourth,71.84,75.5,7.645,7.695,11.9,13.4
Window_RB_L4_S_F15,IfcWindow,RB,4,17,Corridor4,RibbonWindow,Glass,RB_L4_Fourth,75.5,79.16,7.645,7.695,11.9,13.4
Window_RB_L4_S_F16,IfcWindow,RB,4,18,Corridor4,RibbonWindow,Glass,RB_L4_Fourth,79.16,82.82,7.645,7.695,11.9,13.4
Window_RB_L4_W_EndW,IfcWindow,RB,4,0,EndW,RibbonWindow,Glass,RB_L4_Fourth,13.405,13.455,7.52,17.42,11.9,13.4
Window_RB_L5_E_EndE,IfcWindow,RB,5,21,EndE,RibbonWindow,Glass,RB_L5_Fifth,93.625,93.675,7.52,17.42,14.7,16.2
Window_RB_L5_N_CoreE,IfcWindow,RB,5,19,CoreE,RibbonWindow,Glass,RB_L5_Fifth,82.97,86.33,17.245,17.295,14.7,16.2
Window_RB_L5_N_CoreW,IfcWindow,RB,5,2,CoreW,RibbonWindow,Glass,RB_L5_Fifth,20.75,24.11,17.245,17.295,14.7,16.2
Window_RB_L5_N_EndE,IfcWindow,RB,5,20,EndE,RibbonWindow,Glass,RB_L5_Fifth,86.63,93.5,17.245,17.295,14.7,16.2
Window_RB_L5_N_EndW,IfcWindow,RB,5,0,EndW,RibbonWindow,Glass,RB_L5_Fifth,13.58,20.45,17.245,17.295,14.7,16.2
Window_RB_L5_N_F01,IfcWindow,RB,5,3,F01,RibbonWindow,Glass,RB_L5_Fifth,24.41,27.77,17.245,17.295,14.7,16.2
Window_RB_L5_N_F02,IfcWindow,RB,5,4,F02,RibbonWindow,Glass,RB_L5_Fifth,28.07,31.43,17.245,17.295,14.7,16.2
Window_RB_L5_N_F03,IfcWindow,RB,5,5,F03,RibbonWindow,Glass,RB_L5_Fifth,31.73,35.09,17.245,17.295,14.7,16.2
Window_RB_L5_N_F04,IfcWindow,RB,5,6,F04,RibbonWindow,Glass,RB_L5_Fifth,35.39,38.75,17.245,17.295,14.7,16.2
Window_RB_L5_N_F05,IfcWindow,RB,5,7,F05,RibbonWindow,Glass,RB_L5_Fifth,39.05,42.41,17.245,17.295,14.7,16.2
Window_RB_L5_N_F06,IfcWindow,RB,5,8,F06,RibbonWindow,Glass,RB_L5_Fifth,42.71,46.07,17.245,17.295,14.7,16.2
Window_RB_L5_N_F07,IfcWindow,RB,5,9,F07,RibbonWindow,Glass,RB_L5_Fifth,46.37,49.73,17.245,17.295,14.7,16.2
Window_RB_L5_N_F08,IfcWindow,RB,5,10,F08,RibbonWindow,Glass,RB_L5_Fifth,50.03,53.39,17.245,17.295,14.7,16.2
Window_RB_L5_N_F09,IfcWindow,RB,5,11,F09,RibbonWindow,Glass,RB_L5_Fifth,53.69,57.05,17.245,17.295,14.7,16.2
Window_RB_L5_N_F10,IfcWindow,RB,5,12,F10,RibbonWindow,Glass,RB_L5_Fifth,57.35,60.71,17.245,17.295,14.7,16.2
Window_RB_L5_N_F11,IfcWindow,RB,5,13,F11,RibbonWindow,Glass,RB_L5_Fifth,61.01,64.37,17.245,17.295,14.7,16.2
Window_RB_L5_N_F12,IfcWindow,RB,5,14,F12,RibbonWindow,Glass,RB_L5_Fifth,64.67,68.03,17.245,17.295,14.7,16.2
Window_RB_L5_N_F13,IfcWindow,RB,5,15,F13,RibbonWindow,Glass,RB_L5_Fifth,68.33,71.69,17.245,17.295,14.7,16.2
Window_RB_L5_N_F14,IfcWindow,RB,5,16,F14,RibbonWindow,Glass,RB_L5_Fifth,71.99,75.35,17.245,17.295,14.7,16.2
Window_RB_L5_N_F15,IfcWindow,RB,5,17,F15,RibbonWindow,Glass,RB_L5_Fifth,75.65,79.01,17.245,17.295,14.7,16.2
Window_RB_L5_N_F16,IfcWindow,RB,5,18,F16,RibbonWindow,Glass,RB_L5_Fifth,79.31,82.67,17.245,17.295,14.7,16.2
Window_RB_L5_S_CoreE,IfcWindow,RB,5,19,CoreE,RibbonWindow,Glass,RB_L5_Fifth,82.97,86.33,7.645,7.695,14.7,16.2
Window_RB_L5_S_CoreW,IfcWindow,RB,5,2,CoreW,RibbonWindow,Glass,RB_L5_Fifth,20.75,24.11,7.645,7.695,14.7,16.2
Window_RB_L5_S_EndE,IfcWindow,RB,5,20,EndE,RibbonWindow,Glass,RB_L5_Fifth,86.63,93.5,7.645,7.695,14.7,16.2
Window_RB_L5_S_EndW,IfcWindow,RB,5,0,EndW,RibbonWindow,Glass,RB_L5_Fifth,13.58,20.45,7.645,7.695,14.7,16.2
Window_RB_L5_S_F01,IfcWindow,RB,5,3,F01,RibbonWindow,Glass,RB_L5_Fifth,24.41,27.77,7.645,7.695,14.7,16.2
Window_RB_L5_S_F02,IfcWindow,RB,5,4,F02,RibbonWindow,Glass,RB_L5_Fifth,28.07,31.43,7.645,7.695,14.7,16.2
Window_RB_L5_S_F03,IfcWindow,RB,5,5,F03,RibbonWindow,Glass,RB_L5_Fifth,31.73,35.09,7.645,7.695,14.7,16.2
Window_RB_L5_S_F04,IfcWindow,RB,5,6,F04,RibbonWindow,Glass,RB_L5_Fifth,35.39,38.75,7.645,7.695,14.7,16.2
Window_RB_L5_S_F05,IfcWindow,RB,5,7,F05,RibbonWindow,Glass,RB_L5_Fifth,39.05,42.41,7.645,7.695,14.7,16.2
Window_RB_L5_S_F06,IfcWindow,RB,5,8,F06,RibbonWindow,Glass,RB_L5_Fifth,42.71,46.07,7.645,7.695,14.7,16.2
Window_RB_L5_S_F07,IfcWindow,RB,5,9,F07,RibbonWindow,Glass,RB_L5_Fifth,46.37,49.73,7.645,7.695,14.7,16.2
Window_RB_L5_S_F08,IfcWindow,RB,5,10,F08,RibbonWindow,Glass,RB_L5_Fifth,50.03,53.39,7.645,7.695,14.7,16.2
Window_RB_L5_S_F09,IfcWindow,RB,5,11,F09,RibbonWindow,Glass,RB_L5_Fifth,53.69,57.05,7.645,7.695,14.7,16.2
Window_RB_L5_S_F10,IfcWindow,RB,5,12,F10,RibbonWindow,Glass,RB_L5_Fifth,57.35,60.71,7.645,7.695,14.7,16.2
Window_RB_L5_S_F11,IfcWindow,RB,5,13,F11,RibbonWindow,Glass,RB_L5_Fifth,61.01,64.37,7.645,7.695,14.7,16.2
Window_RB_L5_S_F12,IfcWindow,RB,5,14,F12,RibbonWindow,Glass,RB_L5_Fifth,64.67,68.03,7.645,7.695,14.7,16.2
Window_RB_L5_S_F13,IfcWindow,RB,5,15,F13,RibbonWindow,Glass,RB_L5_Fifth,68.33,71.69,7.645,7.695,14.7,16.2
Window_RB_L5_S_F14,IfcWindow,RB,5,16,F14,RibbonWindow,Glass,RB_L5_Fifth,71.99,75.35,7.645,7.695,14.7,16.2
Window_RB_L5_S_F15,IfcWindow,RB,5,17,F15,RibbonWindow,Glass,RB_L5_Fifth,75.65,79.01,7.645,7.695,14.7,16.2
Window_RB_L5_S_F16,IfcWindow,RB,5,18,F16,RibbonWindow,Glass,RB_L5_Fifth,79.31,82.67,7.645,7.695,14.7,16.2
Window_RB_L5_W_EndW,IfcWindow,RB,5,0,EndW,RibbonWindow,Glass,RB_L5_Fifth,13.405,13.455,7.52,17.42,14.7,16.2
Window_RB_L6_N_CoreE,IfcWindow,RB,6,19,CoreE,RibbonWindow,Glass,RB_L6_Roof,82.97,86.33,17.245,17.295,17.5,20.7
